iteration_number,party_number,lowest_samples
1,1,29191
1,2,3416
1,4,26591
1,5,3650
1,6,3914
1,8,12508
1,10,767
1,11,1330
1,12,2378
1,17,3483
1,20,23385
1,22,29809
1,23,12118
1,26,9611
2,1,29293
2,2,3525
2,4,26297
2,5,3194
2,6,3452
2,8,12738
2,10,289
2,11,822
2,12,2242
2,17,3978
2,20,23397
2,22,29754
2,23,12051
2,26,9621
3,1,29320
3,2,3328
3,4,26526
3,5,3765
3,6,3380
3,8,12346
3,10,456
3,11,168
3,12,1805
3,17,3781
3,20,23206
3,22,29715
3,23,12102
3,26,9852
4,1,29199
4,2,3850
4,4,26607
4,5,3686
4,6,2596
4,8,12204
4,10,3163
4,11,668
4,12,2072
4,17,320
4,20,23314
4,22,29629
4,23,12296
4,26,9610
5,1,29318
5,2,4145
5,4,26449
5,5,3301
5,6,2662
5,8,12321
5,10,653
5,11,751
5,12,2320
5,17,3446
5,20,23476
5,22,29557
5,23,12280
5,26,9739
6,1,29286
6,2,4344
6,4,26426
6,5,2206
6,6,2206
6,8,12576
6,10,218
6,11,245
6,12,1680
6,17,2206
6,20,23243
6,22,29756
6,23,12028
6,26,9493
7,1,29046
7,2,3237
7,4,26295
7,5,4037
7,6,3449
7,8,12539
7,10,311
7,11,1003
7,12,1533
7,17,3262
7,20,23317
7,22,29691
7,23,12109
7,26,9594
8,1,29256
8,2,3588
8,4,26599
8,5,3159
8,6,3009
8,8,12527
8,10,96
8,11,226
8,12,1471
8,17,3933
8,20,23370
8,22,29698
8,23,12087
8,26,9375
9,1,29213
9,2,4481
9,4,26489
9,5,2986
9,6,2951
9,8,12598
9,10,296
9,11,376
9,12,1830
9,17,3055
9,20,23448
9,22,29828
9,23,12259
9,26,10274
10,1,29282
10,2,3887
10,4,26396
10,5,3657
10,6,3393
10,8,12172
10,10,744
10,11,463
10,12,2310
10,17,3659
10,20,23200
10,22,29652
10,23,12021
10,26,9956
11,1,29169
11,2,2562
11,4,26338
11,5,3950
11,6,2557
11,8,12634
11,10,136
11,11,550
11,12,1877
11,17,2562
11,20,23564
11,22,29835
11,23,12052
11,26,9831
12,1,29135
12,2,3378
12,4,26474
12,5,3391
12,6,4126
12,8,12628
12,10,435
12,11,1192
12,12,1841
12,17,3510
12,20,23316
12,22,29816
12,23,12144
12,26,10149
13,1,29246
13,2,3254
13,4,26468
13,5,3389
13,6,3240
13,8,12321
13,10,691
13,11,546
13,12,1980
13,17,4094
13,20,23015
13,22,29618
13,23,12261
13,26,9748
14,1,29328
14,2,3872
14,4,26555
14,5,3669
14,6,3020
14,8,12433
14,10,895
14,11,858
14,12,2240
14,17,3574
14,20,23256
14,22,29595
14,23,12103
14,26,9968
15,1,29163
15,2,4059
15,4,26445
15,5,3435
15,6,2996
15,8,12351
15,10,464
15,11,566
15,12,2367
15,17,3534
15,20,23300
15,22,29767
15,23,12289
15,26,9869
16,1,29269
16,2,3773
16,4,26336
16,5,3542
16,6,3561
16,8,12471
16,10,206
16,11,74
16,12,1934
16,17,3769
16,20,23299
16,22,29765
16,23,12101
16,26,9770
17,1,29131
17,2,3820
17,4,26536
17,5,3729
17,6,3552
17,8,12608
17,10,666
17,11,784
17,12,2364
17,17,3574
17,20,23157
17,22,29782
17,23,12338
17,26,9739
18,1,29315
18,2,4224
18,4,26337
18,5,1314
18,6,1315
18,8,12720
18,10,129
18,11,334
18,12,1315
18,17,1315
18,20,23291
18,22,29860
18,23,12389
18,26,9693
19,1,29163
19,2,3696
19,4,26519
19,5,3842
19,6,3103
19,8,12449
19,10,525
19,11,566
19,12,2131
19,17,3146
19,20,23313
19,22,29825
19,23,12229
19,26,9759
20,1,29047
20,2,109
20,4,26503
20,5,2072
20,6,109
20,8,12387
20,10,4
20,11,109
20,12,109
20,17,109
20,20,23227
20,22,29744
20,23,12237
20,26,10117
21,1,29307
21,2,3983
21,4,26462
21,5,2551
21,6,2551
21,8,12563
21,10,2551
21,11,752
21,12,2076
21,17,31
21,20,23431
21,22,29647
21,23,12168
21,26,9603
22,1,29128
22,2,3713
22,4,26572
22,5,3142
22,6,3599
22,8,12471
22,10,419
22,11,538
22,12,1849
22,17,3827
22,20,23289
22,22,29804
22,23,12121
22,26,9834
23,1,29262
23,2,3956
23,4,26542
23,5,3597
23,6,3138
23,8,12400
23,10,437
23,11,1154
23,12,1890
23,17,3436
23,20,23242
23,22,29891
23,23,12158
23,26,9631
24,1,29049
24,2,3709
24,4,26550
24,5,3586
24,6,2
24,8,12325
24,10,3820
24,11,443
24,12,1887
24,17,3478
24,20,23505
24,22,29774
24,23,12081
24,26,9844
25,1,29014
25,2,3446
25,4,26448
25,5,3914
25,6,3604
25,8,12706
25,10,769
25,11,693
25,12,2222
25,17,3285
25,20,23348
25,22,29730
25,23,12264
25,26,9993
26,1,29268
26,2,3841
26,4,26531
26,5,3485
26,6,3422
26,8,12280
26,10,444
26,11,1356
26,12,2158
26,17,3722
26,20,23485
26,22,29811
26,23,12518
26,26,9723
27,1,29251
27,2,228
27,4,26579
27,5,3920
27,6,3151
27,8,12740
27,10,3662
27,11,181
27,12,2117
27,17,3535
27,20,23303
27,22,29762
27,23,12109
27,26,9872
28,1,29155
28,2,3472
28,4,26589
28,5,3649
28,6,3921
28,8,12632
28,10,550
28,11,754
28,12,1987
28,17,3603
28,20,23519
28,22,29901
28,23,12203
28,26,9834
29,1,29287
29,2,4211
29,4,26591
29,5,3300
29,6,3117
29,8,12335
29,10,331
29,11,799
29,12,2309
29,17,3366
29,20,23153
29,22,29798
29,23,12340
29,26,9818
30,1,29242
30,2,3466
30,4,26241
30,5,3479
30,6,4098
30,8,12531
30,10,655
30,11,1113
30,12,1953
30,17,3281
30,20,23262
30,22,29604
30,23,12265
30,26,9749
31,1,29297
31,2,3522
31,4,26346
31,5,4008
31,6,3376
31,8,12630
31,10,472
31,11,468
31,12,1955
31,17,3303
31,20,23265
31,22,29713
31,23,11782
31,26,9907
32,1,29129
32,2,3922
32,4,26429
32,5,3387
32,6,3166
32,8,12426
32,10,540
32,11,152
32,12,2173
32,17,3387
32,20,23319
32,22,29804
32,23,12188
32,26,9871
33,1,29267
33,2,2559
33,4,26403
33,5,2995
33,6,2784
33,8,12599
33,10,137
33,11,401
33,12,1628
33,17,4450
33,20,23400
33,22,29624
33,23,12054
33,26,9535
34,1,29249
34,2,3697
34,4,26410
34,5,3429
34,6,3695
34,8,12507
34,10,299
34,11,309
34,12,2225
34,17,3832
34,20,23176
34,22,29775
34,23,12411
34,26,9807
35,1,29189
35,2,3376
35,4,26567
35,5,3542
35,6,3831
35,8,12422
35,10,136
35,11,81
35,12,1910
35,17,3716
35,20,23260
35,22,29860
35,23,12274
35,26,10002
36,1,29260
36,2,1461
36,4,26590
36,5,1461
36,6,1456
36,8,12486
36,10,30
36,11,452
36,12,1457
36,17,3933
36,20,23286
36,22,29739
36,23,12105
36,26,9907
37,1,29349
37,2,3949
37,4,26532
37,5,3226
37,6,3585
37,8,12653
37,10,588
37,11,784
37,12,2197
37,17,3505
37,20,23455
37,22,29862
37,23,12234
37,26,9727
38,1,29105
38,2,3867
38,4,26391
38,5,3597
38,6,3514
38,8,12230
38,10,375
38,11,301
38,12,2502
38,17,3695
38,20,23345
38,22,29803
38,23,12409
38,26,9935
39,1,29425
39,2,4083
39,4,26713
39,5,36
39,6,2504
39,8,12334
39,10,3531
39,11,109
39,12,2087
39,17,3322
39,20,23391
39,22,29688
39,23,12376
39,26,10167
40,1,29293
40,2,1935
40,4,26549
40,5,1931
40,6,1931
40,8,12560
40,10,39
40,11,1118
40,12,1824
40,17,4064
40,20,23170
40,22,29773
40,23,12243
40,26,9839
41,1,29290
41,2,3658
41,4,26468
41,5,3884
41,6,3423
41,8,12361
41,10,321
41,11,715
41,12,2277
41,17,3673
41,20,23362
41,22,29819
41,23,12121
41,26,9983
42,1,29268
42,2,3561
42,4,26396
42,5,3215
42,6,4009
42,8,12554
42,10,457
42,11,810
42,12,1966
42,17,3416
42,20,23273
42,22,29838
42,23,12154
42,26,9725
43,1,29226
43,2,4116
43,4,26537
43,5,3434
43,6,2567
43,8,12607
43,10,344
43,11,652
43,12,1716
43,17,2931
43,20,23267
43,22,29787
43,23,12218
43,26,9727
44,1,29192
44,2,3348
44,4,26530
44,5,3936
44,6,3092
44,8,12034
44,10,587
44,11,461
44,12,1754
44,17,3624
44,20,23364
44,22,29914
44,23,12198
44,26,9668
45,1,29307
45,2,3645
45,4,26510
45,5,3574
45,6,3059
45,8,12280
45,10,84
45,11,114
45,12,1808
45,17,3876
45,20,23471
45,22,29632
45,23,12400
45,26,9600
46,1,29155
46,2,387
46,4,26609
46,5,4256
46,6,387
46,8,12424
46,10,27
46,11,335
46,12,387
46,17,387
46,20,23498
46,22,29837
46,23,12200
46,26,9966
47,1,29070
47,2,3167
47,4,26455
47,5,3485
47,6,2954
47,8,12396
47,10,209
47,11,247
47,12,1709
47,17,4042
47,20,23622
47,22,29711
47,23,12587
47,26,9894
48,1,29233
48,2,3656
48,4,26416
48,5,3427
48,6,3903
48,8,12407
48,10,344
48,11,468
48,12,1992
48,17,3582
48,20,23237
48,22,29657
48,23,12136
48,26,9895
49,1,29229
49,2,3510
49,4,26538
49,5,3320
49,6,4061
49,8,12499
49,10,762
49,11,403
49,12,2259
49,17,3549
49,20,23308
49,22,29746
49,23,12090
49,26,9940
50,1,29203
50,2,4382
50,4,26468
50,5,3025
50,6,2742
50,8,12675
50,10,527
50,11,386
50,12,2138
50,17,3257
50,20,23290
50,22,29937
50,23,12121
50,26,9524
51,1,29349
51,2,2619
51,4,26519
51,5,3997
51,6,3278
51,8,12532
51,10,478
51,11,338
51,12,1877
51,17,3579
51,20,23269
51,22,29782
51,23,12303
51,26,9714
52,1,29221
52,2,4250
52,4,26401
52,5,1919
52,6,1585
52,8,12540
52,10,188
52,11,464
52,12,1118
52,17,1919
52,20,23315
52,22,29821
52,23,12146
52,26,9994
53,1,29105
53,2,3869
53,4,26523
53,5,3398
53,6,3303
53,8,12495
53,10,210
53,11,800
53,12,2554
53,17,3684
53,20,23353
53,22,29778
53,23,12216
53,26,9906
54,1,29210
54,2,4235
54,4,26450
54,5,3328
54,6,3004
54,8,12706
54,10,405
54,11,847
54,12,1832
54,17,3298
54,20,23343
54,22,29780
54,23,12082
54,26,9749
55,1,28952
55,2,3299
55,4,26710
55,5,3535
55,6,3032
55,8,12351
55,10,658
55,11,966
55,12,1806
55,17,3978
55,20,23122
55,22,29951
55,23,12293
55,26,9629
56,1,29164
56,2,15
56,4,26323
56,5,3546
56,6,3620
56,8,12495
56,10,3733
56,11,652
56,12,2210
56,17,3804
56,20,23157
56,22,29779
56,23,12047
56,26,9756
57,1,29343
57,2,278
57,4,26590
57,5,279
57,6,279
57,8,12723
57,10,6
57,11,278
57,12,278
57,17,3843
57,20,23333
57,22,29827
57,23,12261
57,26,9545
58,1,29119
58,2,3935
58,4,26438
58,5,3608
58,6,3152
58,8,12626
58,10,566
58,11,1017
58,12,1678
58,17,3394
58,20,23344
58,22,29794
58,23,11915
58,26,9886
59,1,29249
59,2,3870
59,4,26480
59,5,2811
59,6,3073
59,8,12442
59,10,646
59,11,571
59,12,2093
59,17,3685
59,20,23250
59,22,29850
59,23,12069
59,26,9886
60,1,29134
60,2,4369
60,4,26299
60,5,37
60,6,37
60,8,12631
60,10,4
60,11,37
60,12,37
60,17,37
60,20,23433
60,22,29746
60,23,12332
60,26,9886
61,1,29226
61,2,3661
61,4,26571
61,5,3498
61,6,2782
61,8,12493
61,10,279
61,11,527
61,12,1511
61,17,3870
61,20,23098
61,22,29897
61,23,12146
61,26,9782
62,1,29273
62,2,3050
62,4,26454
62,5,3585
62,6,3038
62,8,12509
62,10,346
62,11,357
62,12,1701
62,17,3943
62,20,23270
62,22,29681
62,23,12305
62,26,9835
63,1,29071
63,2,4403
63,4,26347
63,5,3055
63,6,2862
63,8,12513
63,10,321
63,11,397
63,12,1933
63,17,3228
63,20,22939
63,22,29770
63,23,11963
63,26,9649
64,1,28988
64,2,4164
64,4,26417
64,5,2394
64,6,2394
64,8,12423
64,10,224
64,11,279
64,12,1713
64,17,2394
64,20,23278
64,22,29810
64,23,12188
64,26,9622
65,1,29091
65,2,3758
65,4,26372
65,5,3759
65,6,2996
65,8,12276
65,10,448
65,11,619
65,12,1849
65,17,3272
65,20,23351
65,22,29604
65,23,12229
65,26,9496
66,1,29220
66,2,3285
66,4,26508
66,5,3530
66,6,3642
66,8,12499
66,10,422
66,11,286
66,12,2684
66,17,3881
66,20,23286
66,22,29839
66,23,12081
66,26,9667
67,1,29308
67,2,3022
67,4,26413
67,5,2418
67,6,2418
67,8,12669
67,10,148
67,11,899
67,12,1973
67,17,2418
67,20,23289
67,22,29753
67,23,12176
67,26,9765
68,1,29170
68,2,3243
68,4,26644
68,5,3947
68,6,2677
68,8,12313
68,10,256
68,11,882
68,12,2175
68,17,3243
68,20,23159
68,22,29700
68,23,12148
68,26,9754
69,1,29093
69,2,4008
69,4,26399
69,5,3163
69,6,2861
69,8,12345
69,10,499
69,11,409
69,12,1905
69,17,3571
69,20,23306
69,22,29679
69,23,12287
69,26,9571
70,1,29117
70,2,3486
70,4,26507
70,5,3493
70,6,3180
70,8,12197
70,10,405
70,11,262
70,12,1591
70,17,4019
70,20,23359
70,22,29837
70,23,12323
70,26,9674
71,1,29287
71,2,1978
71,4,26489
71,5,1072
71,6,1072
71,8,12509
71,10,65
71,11,770
71,12,1072
71,17,1072
71,20,23346
71,22,29844
71,23,12345
71,26,9802
72,1,29278
72,2,3512
72,4,26452
72,5,3871
72,6,3391
72,8,12417
72,10,262
72,11,456
72,12,1860
72,17,3678
72,20,23106
72,22,29797
72,23,11995
72,26,9567
73,1,29270
73,2,383
73,4,26455
73,5,3845
73,6,2831
73,8,12210
73,10,3644
73,11,609
73,12,2142
73,17,3708
73,20,23174
73,22,29808
73,23,12161
73,26,9729
74,1,29053
74,2,4303
74,4,26342
74,5,3080
74,6,3071
74,8,12624
74,10,291
74,11,271
74,12,1623
74,17,3080
74,20,23420
74,22,29872
74,23,12250
74,26,10102
75,1,29233
75,2,3063
75,4,26501
75,5,3792
75,6,3740
75,8,12237
75,10,569
75,11,505
75,12,2032
75,17,3702
75,20,23220
75,22,29672
75,23,12298
75,26,9673
76,1,29283
76,2,1815
76,4,26578
76,5,1815
76,6,1815
76,8,12436
76,10,35
76,11,342
76,12,1242
76,17,4087
76,20,23181
76,22,29748
76,23,12178
76,26,9734
77,1,29200
77,2,3231
77,4,26391
77,5,3951
77,6,3231
77,8,12584
77,10,257
77,11,854
77,12,2196
77,17,3231
77,20,23219
77,22,29751
77,23,12614
77,26,9681
78,1,29232
78,2,3770
78,4,26407
78,5,3777
78,6,3121
78,8,12779
78,10,329
78,11,798
78,12,1951
78,17,3674
78,20,23338
78,22,29798
78,23,12175
78,26,9998
79,1,29355
79,2,3561
79,4,26606
79,5,3978
79,6,2684
79,8,12429
79,10,374
79,11,848
79,12,1968
79,17,3285
79,20,23330
79,22,29796
79,23,12014
79,26,9720
80,1,29311
80,2,4002
80,4,26556
80,5,3558
80,6,3254
80,8,12657
80,10,745
80,11,1021
80,12,2146
80,17,3349
80,20,23264
80,22,29836
80,23,12165
80,26,9737
81,1,29266
81,2,3513
81,4,26541
81,5,3962
81,6,3057
81,8,12509
81,10,3615
81,11,347
81,12,1982
81,17,174
81,20,23222
81,22,29884
81,23,12310
81,26,10076
82,1,29066
82,2,3837
82,4,26620
82,5,3500
82,6,3384
82,8,12674
82,10,346
82,11,784
82,12,2000
82,17,3724
82,20,23357
82,22,29703
82,23,12235
82,26,9720
83,1,29102
83,2,3195
83,4,26506
83,5,3836
83,6,2362
83,8,12335
83,10,85
83,11,583
83,12,1974
83,17,3195
83,20,23333
83,22,29618
83,23,11996
83,26,9827
84,1,29228
84,2,3165
84,4,26707
84,5,3832
84,6,3267
84,8,12443
84,10,454
84,11,503
84,12,1958
84,17,3719
84,20,23355
84,22,29875
84,23,12306
84,26,9552
85,1,29276
85,2,3842
85,4,26382
85,5,3622
85,6,3700
85,8,12665
85,10,598
85,11,393
85,12,2348
85,17,3541
85,20,23297
85,22,29902
85,23,12077
85,26,9831
86,1,29125
86,2,3841
86,4,26497
86,5,3663
86,6,3459
86,8,12463
86,10,432
86,11,1131
86,12,1977
86,17,3713
86,20,23371
86,22,29744
86,23,12319
86,26,9591
87,1,29447
87,2,3947
87,4,26541
87,5,3610
87,6,3544
87,8,12642
87,10,342
87,11,1107
87,12,2174
87,17,3481
87,20,23233
87,22,29797
87,23,12016
87,26,10079
88,1,29227
88,2,3710
88,4,26555
88,5,3596
88,6,3609
88,8,12467
88,10,376
88,11,422
88,12,1946
88,17,3838
88,20,23276
88,22,29715
88,23,11970
88,26,10026
89,1,29210
89,2,2805
89,4,26507
89,5,3915
89,6,3597
89,8,12535
89,10,306
89,11,129
89,12,1614
89,17,3481
89,20,23236
89,22,29768
89,23,12251
89,26,9540
90,1,29163
90,2,3386
90,4,26477
90,5,3806
90,6,3733
90,8,12657
90,10,581
90,11,815
90,12,2064
90,17,3089
90,20,23273
90,22,29773
90,23,12276
90,26,10074
91,1,29018
91,2,3775
91,4,26471
91,5,270
91,6,3171
91,8,12600
91,10,3626
91,11,811
91,12,2054
91,17,3760
91,20,23421
91,22,29668
91,23,12262
91,26,9543
92,1,29239
92,2,3765
92,4,26352
92,5,3557
92,6,2984
92,8,12666
92,10,170
92,11,613
92,12,2667
92,17,3790
92,20,23301
92,22,29777
92,23,12341
92,26,10147
93,1,29203
93,2,2637
93,4,26357
93,5,3543
93,6,2637
93,8,12401
93,10,340
93,11,70
93,12,2078
93,17,2637
93,20,23228
93,22,29717
93,23,12000
93,26,9867
94,1,29357
94,2,3947
94,4,26409
94,5,3066
94,6,3211
94,8,12576
94,10,275
94,11,182
94,12,1825
94,17,3211
94,20,23541
94,22,29805
94,23,12300
94,26,9840
95,1,29259
95,2,31
95,4,26397
95,5,3017
95,6,2909
95,8,12718
95,10,451
95,11,3979
95,12,1890
95,17,3581
95,20,23194
95,22,29878
95,23,11860
95,26,9702
96,1,29256
96,2,3724
96,4,26524
96,5,3566
96,6,3249
96,8,12232
96,10,527
96,11,668
96,12,1955
96,17,3808
96,20,23307
96,22,29792
96,23,12159
96,26,10194
97,1,29293
97,2,2711
97,4,26360
97,5,2711
97,6,4096
97,8,12365
97,10,172
97,11,764
97,12,2008
97,17,2711
97,20,23413
97,22,29664
97,23,12231
97,26,9768
98,1,29193
98,2,4154
98,4,26576
98,5,3408
98,6,3031
98,8,12118
98,10,539
98,11,724
98,12,1903
98,17,3307
98,20,23241
98,22,29889
98,23,12358
98,26,9972
99,1,29236
99,2,3785
99,4,26334
99,5,3561
99,6,3040
99,8,12397
99,10,562
99,11,905
99,12,2198
99,17,3754
99,20,23400
99,22,29890
99,23,12131
99,26,9667
100,1,29060
100,2,4230
100,4,26677
100,5,3301
100,6,2395
100,8,12548
100,10,3406
100,11,549
100,12,1630
100,17,386
100,20,23744
100,22,29651
100,23,12223
100,26,9864
101,1,29176
101,2,3224
101,4,26617
101,5,3290
101,6,3100
101,8,12668
101,10,137
101,11,522
101,12,1618
101,17,4209
101,20,23446
101,22,29797
101,23,12210
101,26,9865
102,1,29215
102,2,3670
102,4,26412
102,5,3877
102,6,3475
102,8,12414
102,10,814
102,11,535
102,12,2271
102,17,3453
102,20,23469
102,22,29932
102,23,12294
102,26,9923
103,1,29003
103,2,2693
103,4,26406
103,5,3979
103,6,2693
103,8,12543
103,10,210
103,11,522
103,12,2113
103,17,2693
103,20,23519
103,22,29774
103,23,12268
103,26,9988
104,1,29159
104,2,3973
104,4,26509
104,5,3233
104,6,2351
104,8,12649
104,10,224
104,11,139
104,12,1905
104,17,3417
104,20,23309
104,22,29799
104,23,12284
104,26,9585
105,1,29161
105,2,239
105,4,26642
105,5,3705
105,6,3374
105,8,12484
105,10,3830
105,11,701
105,12,2160
105,17,3710
105,20,23415
105,22,29821
105,23,12332
105,26,9738
106,1,29185
106,2,3556
106,4,26501
106,5,3662
106,6,3528
106,8,12357
106,10,380
106,11,479
106,12,1954
106,17,3869
106,20,23406
106,22,29876
106,23,12149
106,26,9727
107,1,29125
107,2,2801
107,4,26720
107,5,4378
107,6,2826
107,8,12379
107,10,288
107,11,519
107,12,1909
107,17,3250
107,20,23198
107,22,29779
107,23,12140
107,26,10070
108,1,29177
108,2,4025
108,4,26306
108,5,3095
108,6,3485
108,8,12432
108,10,590
108,11,809
108,12,2331
108,17,3430
108,20,23186
108,22,29772
108,23,12182
108,26,9537
109,1,29196
109,2,2973
109,4,26557
109,5,2218
109,6,2218
109,8,12569
109,10,219
109,11,661
109,12,1965
109,17,2218
109,20,23341
109,22,29622
109,23,12221
109,26,9621
110,1,29423
110,2,3581
110,4,26475
110,5,3581
110,6,3648
110,8,12688
110,10,546
110,11,720
110,12,2393
110,17,3880
110,20,23283
110,22,29706
110,23,12469
110,26,9625
111,1,29199
111,2,2684
111,4,26373
111,5,2533
111,6,2533
111,8,12320
111,10,209
111,11,157
111,12,2128
111,17,2533
111,20,23306
111,22,29739
111,23,12228
111,26,9811
112,1,29185
112,2,104
112,4,26494
112,5,2872
112,6,3254
112,8,12377
112,10,4131
112,11,525
112,12,2064
112,17,3381
112,20,23360
112,22,29635
112,23,12235
112,26,9692
113,1,29097
113,2,3974
113,4,26717
113,5,2213
113,6,2213
113,8,12559
113,10,213
113,11,785
113,12,2206
113,17,2213
113,20,23540
113,22,29771
113,23,12457
113,26,9980
114,1,29141
114,2,3334
114,4,26407
114,5,3513
114,6,3082
114,8,12502
114,10,431
114,11,240
114,12,1845
114,17,4001
114,20,23236
114,22,29867
114,23,12195
114,26,9814
115,1,29249
115,2,4222
115,4,26570
115,5,2794
115,6,2794
115,8,12597
115,10,268
115,11,698
115,12,1946
115,17,2794
115,20,23248
115,22,29795
115,23,12127
115,26,9752
116,1,29405
116,2,1749
116,4,26524
116,5,1749
116,6,1749
116,8,12365
116,10,35
116,11,456
116,12,1509
116,17,3910
116,20,23297
116,22,29897
116,23,12167
116,26,10049
117,1,29293
117,2,3788
117,4,26610
117,5,3569
117,6,3411
117,8,12668
117,10,223
117,11,465
117,12,1520
117,17,3768
117,20,23406
117,22,29757
117,23,12047
117,26,10101
118,1,29352
118,2,3000
118,4,26431
118,5,3329
118,6,3482
118,8,12618
118,10,241
118,11,902
118,12,1836
118,17,3978
118,20,23064
118,22,29727
118,23,12058
118,26,9897
119,1,29327
119,2,3164
119,4,26408
119,5,3617
119,6,3544
119,8,12592
119,10,266
119,11,492
119,12,2251
119,17,3912
119,20,23343
119,22,29705
119,23,12132
119,26,9957
120,1,29234
120,2,4324
120,4,26452
120,5,54
120,6,2252
120,8,12412
120,10,2749
120,11,157
120,12,1419
120,17,2749
120,20,23306
120,22,29710
120,23,12243
120,26,9803
121,1,29254
121,2,1497
121,4,26660
121,5,1497
121,6,4313
121,8,12450
121,10,212
121,11,314
121,12,1497
121,17,1497
121,20,23263
121,22,29896
121,23,12457
121,26,9814
122,1,29228
122,2,4146
122,4,26554
122,5,3415
122,6,2913
122,8,12333
122,10,715
122,11,531
122,12,2482
122,17,3182
122,20,23375
122,22,29763
122,23,12289
122,26,9808
123,1,29143
123,2,3574
123,4,26506
123,5,3057
123,6,3214
123,8,12553
123,10,3940
123,11,660
123,12,2044
123,17,240
123,20,23372
123,22,29731
123,23,12200
123,26,9575
124,1,29096
124,2,4404
124,4,26606
124,5,2644
124,6,2339
124,8,12331
124,10,539
124,11,504
124,12,2014
124,17,3231
124,20,23236
124,22,29875
124,23,12038
124,26,9690
125,1,29298
125,2,2883
125,4,26524
125,5,3983
125,6,3529
125,8,12612
125,10,306
125,11,629
125,12,1815
125,17,3473
125,20,23241
125,22,29740
125,23,12242
125,26,9692
126,1,29277
126,2,3488
126,4,26461
126,5,3883
126,6,3300
126,8,12736
126,10,649
126,11,949
126,12,2249
126,17,3679
126,20,23300
126,22,29879
126,23,12178
126,26,9723
127,1,29209
127,2,3077
127,4,26517
127,5,3077
127,6,4359
127,8,12691
127,10,3077
127,11,743
127,12,1768
127,17,361
127,20,23218
127,22,29649
127,23,12340
127,26,9681
128,1,29376
128,2,4226
128,4,26600
128,5,1125
128,6,1125
128,8,12382
128,10,110
128,11,501
128,12,1125
128,17,1125
128,20,23442
128,22,29708
128,23,12210
128,26,9742
129,1,29444
129,2,3022
129,4,26602
129,5,3018
129,6,3520
129,8,12481
129,10,381
129,11,378
129,12,2058
129,17,3976
129,20,23401
129,22,29859
129,23,12044
129,26,10140
130,1,29258
130,2,3954
130,4,26649
130,5,3237
130,6,3237
130,8,12388
130,10,3237
130,11,1042
130,12,2121
130,17,138
130,20,23395
130,22,29809
130,23,12258
130,26,9948
131,1,29340
131,2,4370
131,4,26284
131,5,2944
131,6,2794
131,8,12312
131,10,355
131,11,880
131,12,2015
131,17,3264
131,20,23296
131,22,29732
131,23,12338
131,26,9849
132,1,29315
132,2,3872
132,4,26381
132,5,3314
132,6,2815
132,8,12215
132,10,210
132,11,243
132,12,1615
132,17,3675
132,20,23140
132,22,29755
132,23,11850
132,26,9893
133,1,29133
133,2,3285
133,4,26480
133,5,4249
133,6,3054
133,8,12413
133,10,504
133,11,631
133,12,1963
133,17,3151
133,20,23437
133,22,29959
133,23,12549
133,26,9666
134,1,29016
134,2,969
134,4,26640
134,5,516
134,6,516
134,8,12372
134,10,269
134,11,516
134,12,516
134,17,41
134,20,23359
134,22,29842
134,23,11989
134,26,9720
135,1,29199
135,2,3332
135,4,26529
135,5,3207
135,6,2618
135,8,12338
135,10,108
135,11,15
135,12,1691
135,17,4146
135,20,23167
135,22,29819
135,23,12126
135,26,9822
136,1,29168
136,2,3457
136,4,26385
136,5,3797
136,6,3029
136,8,12478
136,10,184
136,11,8
136,12,2074
136,17,3748
136,20,23301
136,22,29839
136,23,12272
136,26,9997
137,1,29375
137,2,3154
137,4,26362
137,5,4030
137,6,3119
137,8,12482
137,10,280
137,11,701
137,12,2008
137,17,3514
137,20,23325
137,22,29897
137,23,12630
137,26,9974
138,1,29153
138,2,1893
138,4,26580
138,5,3989
138,6,1893
138,8,12756
138,10,1893
138,11,713
138,12,1809
138,17,42
138,20,23474
138,22,29765
138,23,12128
138,26,9637
139,1,29051
139,2,3158
139,4,26567
139,5,3338
139,6,3305
139,8,12371
139,10,246
139,11,445
139,12,2160
139,17,4103
139,20,23107
139,22,29806
139,23,12300
139,26,9523
140,1,29368
140,2,3396
140,4,26505
140,5,3603
140,6,3960
140,8,12401
140,10,496
140,11,705
140,12,2264
140,17,3458
140,20,23124
140,22,29839
140,23,12133
140,26,9849
141,1,29298
141,2,1560
141,4,26454
141,5,2013
141,6,1560
141,8,12370
141,10,129
141,11,125
141,12,1488
141,17,1560
141,20,23318
141,22,29835
141,23,12272
141,26,9492
142,1,29293
142,2,3507
142,4,26480
142,5,3461
142,6,3629
142,8,12548
142,10,3870
142,11,702
142,12,2098
142,17,65
142,20,23108
142,22,29622
142,23,12327
142,26,10080
143,1,29100
143,2,3507
143,4,26422
143,5,3702
143,6,3846
143,8,12357
143,10,568
143,11,524
143,12,2390
143,17,3699
143,20,23185
143,22,29843
143,23,12047
143,26,9953
144,1,29145
144,2,4241
144,4,26388
144,5,2715
144,6,2641
144,8,12190
144,10,258
144,11,289
144,12,1980
144,17,2715
144,20,23660
144,22,29797
144,23,12061
144,26,9579
145,1,29249
145,2,2596
145,4,26483
145,5,3968
145,6,2596
145,8,12420
145,10,145
145,11,86
145,12,1906
145,17,2596
145,20,23282
145,22,29959
145,23,12328
145,26,9805
146,1,29077
146,2,3187
146,4,26361
146,5,3576
146,6,3993
146,8,12285
146,10,672
146,11,1093
146,12,2456
146,17,3378
146,20,23138
146,22,29751
146,23,12215
146,26,9966
147,1,29264
147,2,2643
147,4,26356
147,5,1284
147,6,1284
147,8,12360
147,10,52
147,11,196
147,12,1284
147,17,1284
147,20,23198
147,22,29620
147,23,12282
147,26,9532
148,1,29180
148,2,361
148,4,26524
148,5,361
148,6,361
148,8,12440
148,10,361
148,11,2022
148,12,361
148,17,18
148,20,23503
148,22,29754
148,23,12069
148,26,9558
149,1,29223
149,2,3634
149,4,26599
149,5,3790
149,6,3737
149,8,12374
149,10,3721
149,11,609
149,12,2086
149,17,429
149,20,23230
149,22,29799
149,23,12062
149,26,9977
150,1,29241
150,2,3619
150,4,26505
150,5,3926
150,6,2362
150,8,12627
150,10,299
150,11,534
150,12,2109
150,17,3243
150,20,23135
150,22,29840
150,23,12208
150,26,10027
151,1,29230
151,2,215
151,4,26524
151,5,3688
151,6,215
151,8,12530
151,10,215
151,11,212
151,12,215
151,17,18
151,20,23171
151,22,29760
151,23,12149
151,26,9752
152,1,29163
152,2,3065
152,4,26462
152,5,3472
152,6,3094
152,8,12496
152,10,168
152,11,803
152,12,2070
152,17,4026
152,20,23349
152,22,29848
152,23,11997
152,26,9827
153,1,29243
153,2,4046
153,4,26582
153,5,3419
153,6,3468
153,8,12595
153,10,306
153,11,924
153,12,2214
153,17,3505
153,20,23304
153,22,29740
153,23,12158
153,26,9741
154,1,29299
154,2,3302
154,4,26537
154,5,3302
154,6,4245
154,8,12723
154,10,382
154,11,392
154,12,2103
154,17,3302
154,20,23440
154,22,29803
154,23,12271
154,26,9945
155,1,29276
155,2,4113
155,4,26516
155,5,1448
155,6,1448
155,8,12452
155,10,134
155,11,420
155,12,1448
155,17,1448
155,20,23408
155,22,29832
155,23,12408
155,26,9636
156,1,29294
156,2,3481
156,4,26439
156,5,4045
156,6,2664
156,8,12436
156,10,328
156,11,405
156,12,2019
156,17,3346
156,20,23187
156,22,29645
156,23,12006
156,26,9977
157,1,29320
157,2,6
157,4,26311
157,5,3378
157,6,3380
157,8,12417
157,10,612
157,11,4097
157,12,2303
157,17,3107
157,20,23445
157,22,29671
157,23,12141
157,26,9876
158,1,29376
158,2,3361
158,4,26583
158,5,3557
158,6,2545
158,8,12609
158,10,81
158,11,499
158,12,2190
158,17,3967
158,20,23294
158,22,29811
158,23,12039
158,26,9677
159,1,29078
159,2,3181
159,4,26378
159,5,3884
159,6,3625
159,8,12334
159,10,542
159,11,981
159,12,2151
159,17,3601
159,20,23313
159,22,29799
159,23,12365
159,26,9633
160,1,29108
160,2,3894
160,4,26630
160,5,3301
160,6,3167
160,8,12676
160,10,631
160,11,144
160,12,1934
160,17,3301
160,20,23180
160,22,29619
160,23,12214
160,26,9943
161,1,29337
161,2,3996
161,4,26518
161,5,1493
161,6,1493
161,8,12359
161,10,1493
161,11,140
161,12,1493
161,17,125
161,20,23256
161,22,29712
161,23,12587
161,26,9733
162,1,29249
162,2,3828
162,4,26564
162,5,3619
162,6,3423
162,8,12744
162,10,466
162,11,569
162,12,2317
162,17,3721
162,20,23140
162,22,29784
162,23,12006
162,26,10205
163,1,29110
163,2,2923
163,4,26559
163,5,2594
163,6,3038
163,8,12316
163,10,4300
163,11,98
163,12,1853
163,17,142
163,20,23501
163,22,29748
163,23,12074
163,26,9739
164,1,29229
164,2,3407
164,4,26574
164,5,3872
164,6,3328
164,8,12417
164,10,3692
164,11,156
164,12,1952
164,17,94
164,20,23451
164,22,29746
164,23,12457
164,26,9958
165,1,29317
165,2,3751
165,4,26537
165,5,1635
165,6,1635
165,8,12570
165,10,149
165,11,413
165,12,1635
165,17,1635
165,20,23293
165,22,29822
165,23,12297
165,26,9700
166,1,29091
166,2,3663
166,4,26483
166,5,3561
166,6,3604
166,8,12523
166,10,629
166,11,553
166,12,2229
166,17,3852
166,20,23086
166,22,29629
166,23,12090
166,26,9648
167,1,29281
167,2,3948
167,4,26477
167,5,3609
167,6,2925
167,8,12610
167,10,563
167,11,619
167,12,2008
167,17,3313
167,20,23327
167,22,29739
167,23,11930
167,26,10029
168,1,29166
168,2,3599
168,4,26458
168,5,3939
168,6,3565
168,8,12326
168,10,554
168,11,828
168,12,1730
168,17,3199
168,20,23603
168,22,29784
168,23,12319
168,26,9762
169,1,29252
169,2,3273
169,4,26496
169,5,3559
169,6,3303
169,8,12554
169,10,637
169,11,406
169,12,1712
169,17,3963
169,20,23157
169,22,29861
169,23,12294
169,26,9740
170,1,28978
170,2,4110
170,4,26264
170,5,3438
170,6,3225
170,8,12340
170,10,525
170,11,649
170,12,2078
170,17,3435
170,20,23195
170,22,29792
170,23,12420
170,26,9652
171,1,29205
171,2,4208
171,4,26609
171,5,3365
171,6,2555
171,8,12557
171,10,553
171,11,231
171,12,1575
171,17,3318
171,20,23316
171,22,29972
171,23,12106
171,26,9985
172,1,29309
172,2,3002
172,4,26471
172,5,4493
172,6,2691
172,8,12780
172,10,509
172,11,520
172,12,2132
172,17,3142
172,20,23250
172,22,29824
172,23,11976
172,26,9807
173,1,29059
173,2,3837
173,4,26463
173,5,3241
173,6,3122
173,8,12522
173,10,3711
173,11,458
173,12,1742
173,17,146
173,20,23292
173,22,29871
173,23,11943
173,26,9691
174,1,29211
174,2,3250
174,4,26543
174,5,4040
174,6,3469
174,8,12710
174,10,723
174,11,488
174,12,1747
174,17,3393
174,20,23275
174,22,29856
174,23,12235
174,26,9835
175,1,29237
175,2,3260
175,4,26498
175,5,3317
175,6,3443
175,8,12197
175,10,426
175,11,944
175,12,2365
175,17,4011
175,20,23450
175,22,29639
175,23,12059
175,26,9704
176,1,29203
176,2,3234
176,4,26539
176,5,3418
176,6,2969
176,8,12409
176,10,90
176,11,227
176,12,1336
176,17,4080
176,20,23214
176,22,29859
176,23,12357
176,26,9822
177,1,29171
177,2,3422
177,4,26491
177,5,3368
177,6,3168
177,8,12479
177,10,355
177,11,1250
177,12,2089
177,17,4073
177,20,23302
177,22,29811
177,23,12451
177,26,9798
178,1,29303
178,2,3825
178,4,26350
178,5,3187
178,6,3689
178,8,12443
178,10,353
178,11,494
178,12,1997
178,17,3460
178,20,23398
178,22,29764
178,23,11937
178,26,9645
179,1,29154
179,2,3877
179,4,26488
179,5,3462
179,6,3053
179,8,12575
179,10,232
179,11,871
179,12,1757
179,17,3698
179,20,23324
179,22,29847
179,23,12171
179,26,9711
180,1,29313
180,2,3934
180,4,26491
180,5,3629
180,6,2897
180,8,12711
180,10,406
180,11,855
180,12,1948
180,17,3531
180,20,23449
180,22,29723
180,23,12189
180,26,9904
181,1,29246
181,2,3838
181,4,26550
181,5,3308
181,6,2857
181,8,12520
181,10,122
181,11,196
181,12,1793
181,17,3655
181,20,23249
181,22,29516
181,23,12158
181,26,9565
182,1,29323
182,2,3654
182,4,26614
182,5,3611
182,6,3907
182,8,12543
182,10,688
182,11,882
182,12,2165
182,17,3481
182,20,23238
182,22,29646
182,23,12207
182,26,9804
183,1,29257
183,2,3865
183,4,26584
183,5,3630
183,6,3231
183,8,12376
183,10,674
183,11,466
183,12,2359
183,17,3707
183,20,23454
183,22,29815
183,23,12376
183,26,9881
184,1,29176
184,2,3604
184,4,26453
184,5,3528
184,6,3407
184,8,12473
184,10,280
184,11,801
184,12,1972
184,17,3909
184,20,23334
184,22,29673
184,23,12291
184,26,9708
185,1,29303
185,2,4209
185,4,26452
185,5,3350
185,6,2353
185,8,12529
185,10,331
185,11,588
185,12,1700
185,17,3398
185,20,23341
185,22,29697
185,23,12227
185,26,9716
186,1,29284
186,2,29
186,4,26623
186,5,416
186,6,416
186,8,12415
186,10,9
186,11,416
186,12,422
186,17,567
186,20,23405
186,22,29669
186,23,12205
186,26,9971
187,1,29166
187,2,2942
187,4,26623
187,5,4371
187,6,2644
187,8,12286
187,10,267
187,11,860
187,12,1742
187,17,3248
187,20,23382
187,22,29753
187,23,12014
187,26,9804
188,1,29309
188,2,4004
188,4,26448
188,5,3420
188,6,2919
188,8,12331
188,10,254
188,11,849
188,12,1721
188,17,3420
188,20,23262
188,22,29662
188,23,12315
188,26,9950
189,1,29187
189,2,3918
189,4,26435
189,5,3086
189,6,3598
189,8,12591
189,10,637
189,11,931
189,12,1504
189,17,3520
189,20,23117
189,22,29657
189,23,12217
189,26,9743
190,1,29334
190,2,175
190,4,26360
190,5,2718
190,6,2718
190,8,12536
190,10,151
190,11,4116
190,12,1693
190,17,2718
190,20,23369
190,22,29769
190,23,12232
190,26,9535
191,1,29249
191,2,3176
191,4,26417
191,5,3682
191,6,3890
191,8,12616
191,10,321
191,11,891
191,12,2154
191,17,3598
191,20,23362
191,22,29725
191,23,12337
191,26,9801
192,1,29330
192,2,3729
192,4,26392
192,5,3811
192,6,3521
192,8,12711
192,10,3738
192,11,931
192,12,1908
192,17,14
192,20,23213
192,22,29816
192,23,12262
192,26,9597
193,1,29299
193,2,3252
193,4,26341
193,5,4027
193,6,3298
193,8,12565
193,10,431
193,11,790
193,12,1576
193,17,3552
193,20,23310
193,22,29777
193,23,12178
193,26,10137
194,1,29207
194,2,4023
194,4,26508
194,5,2872
194,6,3504
194,8,12442
194,10,609
194,11,903
194,12,2106
194,17,3557
194,20,23484
194,23,12087
194,26,9937
195,1,29264
195,2,3617
195,4,26418
195,5,3247
195,6,3914
195,8,12602
195,10,3677
195,11,349
195,12,2121
195,17,118
195,20,23298
195,22,29778
195,23,12303
195,26,9876
196,1,29275
196,2,3051
196,4,26655
196,5,3857
196,6,3668
196,8,12512
196,10,465
196,11,235
196,12,1623
196,17,3252
196,20,23251
196,22,29665
196,23,12232
196,26,9805
197,1,29310
197,2,3642
197,4,26429
197,5,3894
197,6,3361
197,8,12823
197,10,722
197,11,953
197,12,2350
197,17,3664
197,20,23464
197,22,29690
197,23,12160
197,26,9830
198,1,29187
198,2,3128
198,4,26489
198,5,160
198,6,3104
198,8,12544
198,10,3673
198,11,309
198,12,1798
198,17,3879
198,20,23536
198,22,29747
198,23,12145
198,26,9805
199,1,29148
199,2,4132
199,4,26470
199,5,3287
199,6,3154
199,8,12697
199,10,677
199,11,690
199,12,2332
199,17,3467
199,20,23288
199,22,29845
199,23,12185
199,26,9997
200,1,29202
200,2,4072
200,4,26595
200,5,966
200,6,966
200,8,12623
200,10,288
200,11,966
200,12,966
200,17,72
200,20,23349
200,22,29778
200,23,12225
200,26,9923
201,1,29079
201,2,4261
201,4,26466
201,5,2791
201,6,2505
201,8,12357
201,10,259
201,11,323
201,12,2167
201,17,2791
201,20,23410
201,22,29715
201,23,11978
201,26,9810
202,1,29110
202,2,1285
202,4,26338
202,5,4178
202,6,1285
202,8,12450
202,10,98
202,11,411
202,12,1285
202,17,1285
202,20,23518
202,22,29693
202,23,12354
202,26,9750
203,1,29219
203,2,4044
203,4,26545
203,5,3509
203,6,3400
203,8,12599
203,10,698
203,11,978
203,12,1944
203,17,3521
203,20,23360
203,22,29748
203,23,12025
203,26,9713
204,1,29215
204,2,628
204,4,26563
204,5,63
204,6,628
204,8,12403
204,10,14
204,11,628
204,12,628
204,17,2591
204,20,23367
204,22,29755
204,23,12270
204,26,9957
205,1,29210
205,2,3848
205,4,26597
205,5,3639
205,6,2724
205,8,12539
205,10,608
205,11,700
205,12,1972
205,17,3708
205,20,23293
205,22,29781
205,23,12273
205,26,9710
206,1,29113
206,2,3356
206,4,26442
206,5,3905
206,6,2873
206,8,12452
206,10,307
206,11,1172
206,12,1863
206,17,3651
206,20,23430
206,22,29790
206,23,12307
206,26,9556
207,1,29365
207,2,3768
207,4,26477
207,5,3657
207,6,3239
207,8,12379
207,10,497
207,11,274
207,12,2243
207,17,3780
207,20,23201
207,22,29817
207,23,12147
207,26,9878
208,1,29121
208,2,2290
208,4,26386
208,5,4357
208,6,2290
208,8,12233
208,10,176
208,11,123
208,12,1478
208,17,2290
208,20,23094
208,22,29723
208,23,12196
208,26,9706
209,1,29250
209,2,3448
209,4,26407
209,5,4088
209,6,2631
209,8,12598
209,10,533
209,11,1196
209,12,2377
209,17,3377
209,20,23334
209,22,29828
209,23,12374
209,26,9583
210,1,29196
210,2,3387
210,4,26326
210,5,3030
210,6,3212
210,8,12486
210,10,409
210,11,4130
210,12,2104
210,17,209
210,20,23414
210,22,29700
210,23,12237
210,26,9890
211,1,29372
211,2,3301
211,4,26464
211,5,4178
211,6,2953
211,8,12563
211,10,372
211,11,310
211,12,1851
211,17,3427
211,20,23273
211,22,29772
211,23,12118
211,26,9820
212,1,29303
212,2,4020
212,4,26490
212,5,3540
212,6,3440
212,8,12480
212,10,582
212,11,642
212,12,2062
212,17,3158
212,20,23528
212,22,29898
212,23,12253
212,26,9773
213,1,29197
213,2,2871
213,4,26498
213,5,2715
213,6,4227
213,8,12669
213,10,319
213,11,311
213,12,1734
213,17,2871
213,20,23230
213,22,29717
213,23,12093
213,26,9860
214,1,29127
214,2,4178
214,4,26465
214,5,2982
214,6,2337
214,8,12133
214,10,767
214,11,694
214,12,1749
214,17,3411
214,20,23137
214,22,29628
214,23,12088
214,26,9846
215,1,29107
215,2,4120
215,4,26471
215,5,3412
215,6,2957
215,8,12501
215,10,320
215,11,544
215,12,1449
215,17,3363
215,20,23273
215,22,29925
215,23,12150
215,26,9711
216,1,29202
216,2,885
216,4,26460
216,5,4115
216,6,885
216,8,12623
216,10,73
216,11,297
216,12,885
216,17,885
216,20,23257
216,22,29882
216,23,11998
216,26,9921
217,1,29049
217,2,4200
217,4,26626
217,5,231
217,6,231
217,8,12671
217,10,24
217,11,92
217,12,231
217,17,231
217,20,23261
217,22,29798
217,23,12055
217,26,9794
218,1,29282
218,2,3211
218,4,26512
218,5,3922
218,6,3594
218,8,12548
218,10,463
218,11,777
218,12,1947
218,17,3549
218,20,23288
218,22,29929
218,23,12304
218,26,9513
219,1,29309
219,2,646
219,4,26593
219,5,646
219,6,4314
219,8,12538
219,10,320
219,11,58
219,12,646
219,17,646
219,20,23369
219,22,29950
219,23,12532
219,26,9703
220,1,29242
220,2,3601
220,4,26384
220,5,3520
220,6,3926
220,8,12502
220,10,822
220,11,976
220,12,2079
220,17,3647
220,20,23080
220,22,29783
220,23,11984
220,26,9826
221,1,29121
221,2,3095
221,4,26309
221,5,3694
221,6,3000
221,8,12436
221,10,366
221,11,993
221,12,2563
221,17,3840
221,20,23287
221,22,29675
221,23,12341
221,26,10152
222,1,29190
222,2,3646
222,4,26431
222,5,3519
222,6,3240
222,8,12638
222,10,190
222,11,664
222,12,2266
222,17,3869
222,20,23289
222,22,29796
222,23,12030
222,26,9728
223,1,29253
223,2,1274
223,4,26445
223,5,4115
223,6,1274
223,8,12424
223,10,92
223,11,586
223,12,1274
223,17,1274
223,20,23125
223,22,29812
223,23,12209
223,26,9712
224,1,29250
224,2,3436
224,4,26403
224,5,3896
224,6,3192
224,8,12361
224,10,212
224,11,698
224,12,2013
224,17,3678
224,20,23268
224,22,29874
224,23,12611
224,26,10083
225,1,29126
225,2,4207
225,4,26545
225,5,179
225,6,179
225,8,12398
225,10,179
225,11,179
225,12,179
225,17,2
225,20,23569
225,22,29770
225,23,12147
225,26,9766
226,1,29287
226,2,1096
226,4,26458
226,5,1096
226,6,1096
226,8,12500
226,10,23
226,11,110
226,12,1096
226,17,4154
226,20,23328
226,22,29733
226,23,12374
226,26,9939
227,1,29181
227,2,3621
227,4,26337
227,5,3902
227,6,3212
227,8,12410
227,10,426
227,11,515
227,12,2554
227,17,3520
227,20,23352
227,22,29801
227,23,12113
227,26,9740
228,1,29038
228,2,4030
228,4,26507
228,5,3358
228,6,3236
228,8,12734
228,10,880
228,11,1113
228,12,1863
228,17,3555
228,20,23220
228,22,29783
228,23,12479
228,26,9649
229,1,29275
229,2,3626
229,4,26502
229,5,3301
229,6,3405
229,8,12516
229,10,420
229,11,288
229,12,1845
229,17,3894
229,20,23235
229,22,29848
229,23,12027
229,26,10027
230,1,29437
230,2,3805
230,4,26555
230,5,3275
230,6,2467
230,8,12465
230,10,148
230,11,416
230,12,1637
230,17,3763
230,20,23511
230,22,29789
230,23,12272
230,26,9783
231,1,29277
231,2,3449
231,4,26593
231,5,3720
231,6,3117
231,8,12543
231,10,3809
231,11,616
231,12,1602
231,17,345
231,20,23309
231,22,29837
231,23,11976
231,26,9678
232,1,29288
232,2,3796
232,4,26498
232,5,3677
232,6,3728
232,8,12521
232,10,826
232,11,1199
232,12,2235
232,17,3562
232,20,23319
232,22,29674
232,23,12089
232,26,9485
233,1,29186
233,2,3738
233,4,26559
233,5,3739
233,6,3264
233,8,12519
233,10,495
233,11,760
233,12,2211
233,17,3782
233,20,23205
233,22,29665
233,23,11972
233,26,9804
234,1,29262
234,2,3440
234,4,26450
234,5,3189
234,6,3751
234,8,12236
234,10,76
234,11,453
234,12,2318
234,17,3598
234,20,23284
234,22,29885
234,23,12362
234,26,9717
235,1,29248
235,2,3919
235,4,26592
235,5,3218
235,6,3316
235,8,12631
235,10,3650
235,11,274
235,12,1358
235,17,59
235,20,23377
235,22,29790
235,23,12048
235,26,9761
236,1,29187
236,2,3623
236,4,26621
236,5,3901
236,6,3429
236,8,12522
236,10,716
236,11,555
236,12,2506
236,17,3547
236,20,23295
236,22,29650
236,23,12112
236,26,9508
237,1,29297
237,2,3431
237,4,26623
237,5,4108
237,6,2874
237,8,12522
237,10,740
237,11,646
237,12,1990
237,17,3217
237,20,23502
237,22,29682
237,23,12368
237,26,9962
238,1,29302
238,2,414
238,4,26410
238,5,414
238,6,414
238,8,12833
238,10,25
238,11,2377
238,12,414
238,17,68
238,20,23245
238,22,29806
238,23,12384
238,26,9908
239,1,29083
239,2,3903
239,4,26484
239,5,3642
239,6,3001
239,8,12590
239,10,513
239,11,562
239,12,1902
239,17,3500
239,20,23346
239,22,29716
239,23,12049
239,26,9952
240,1,29215
240,2,4171
240,4,26400
240,5,3362
240,6,3139
240,8,12757
240,10,686
240,11,1000
240,12,1395
240,17,3447
240,20,23363
240,22,29848
240,23,12233
240,26,9787
241,1,29345
241,2,2008
241,4,26485
241,5,3946
241,6,2008
241,8,12500
241,10,166
241,11,376
241,12,1774
241,17,2008
241,20,23341
241,22,29670
241,23,12199
241,26,9695
242,1,29180
242,2,4355
242,4,26531
242,5,2419
242,6,2419
242,8,12334
242,10,234
242,11,526
242,12,1441
242,17,2419
242,20,23488
242,22,29735
242,23,12536
242,26,9805
243,1,29279
243,2,1458
243,4,26352
243,5,552
243,6,552
243,8,12545
243,10,28
243,11,552
243,12,552
243,17,552
243,20,23230
243,22,29841
243,23,12104
243,26,10027
244,1,29308
244,2,3622
244,4,26514
244,5,3913
244,6,3142
244,8,12549
244,10,666
244,11,521
244,12,2293
244,17,3376
244,20,23417
244,22,29800
244,23,12370
244,26,9535
245,1,29276
245,2,3694
245,4,26548
245,5,3169
245,6,3621
245,8,12733
245,10,205
245,11,569
245,12,2187
245,17,3836
245,20,23361
245,22,29779
245,23,11870
245,26,9543
246,1,29184
246,2,3553
246,4,26394
246,5,3987
246,6,3207
246,8,12636
246,10,490
246,11,741
246,12,2314
246,17,3575
246,20,23344
246,22,29682
246,23,12360
246,26,9984
247,1,29222
247,2,4125
247,4,26568
247,5,1161
247,6,1161
247,8,12592
247,10,104
247,11,1161
247,12,1161
247,17,1161
247,20,23272
247,22,29761
247,23,12366
247,26,10037
248,1,29258
248,2,3829
248,4,26313
248,5,3568
248,6,3706
248,8,12607
248,10,690
248,11,443
248,12,2060
248,17,3662
248,20,23167
248,22,29681
248,23,11910
248,26,9764
249,1,29264
249,2,3590
249,4,26638
249,5,3353
249,6,3561
249,8,12237
249,10,692
249,11,406
249,12,1953
249,17,3912
249,20,23412
249,22,29801
249,23,11940
249,26,9890
250,1,29290
250,2,2666
250,4,26579
250,5,401
250,6,401
250,8,12663
250,10,38
250,11,252
250,12,401
250,17,401
250,20,23370
250,22,29828
250,23,12494
250,26,9794
251,1,29197
251,2,3822
251,4,26325
251,5,3714
251,6,3240
251,8,12515
251,10,689
251,11,1237
251,12,2712
251,17,3318
251,20,23354
251,22,29613
251,23,12097
251,26,9477
252,1,29246
252,2,46
252,4,26555
252,5,1959
252,6,1959
252,8,12769
252,10,114
252,11,4629
252,12,1611
252,17,1959
252,20,23434
252,22,29764
252,23,12332
252,26,9637
253,1,29120
253,2,3889
253,4,26359
253,5,3608
253,6,2868
253,8,12323
253,10,343
253,11,1163
253,12,1941
253,17,3667
253,20,23239
253,22,29809
253,23,12175
253,26,9991
254,1,29235
254,2,3773
254,4,26515
254,5,3523
254,6,2744
254,8,12556
254,10,3774
254,11,771
254,12,2195
254,17,192
254,20,23298
254,22,29809
254,23,12121
254,26,9737
255,1,29404
255,2,3774
255,4,26400
255,5,3767
255,6,2789
255,8,12368
255,10,520
255,11,778
255,12,1591
255,17,3445
255,20,23196
255,22,29756
255,23,12154
255,26,9810
256,1,29212
256,2,3738
256,4,26454
256,5,3810
256,6,2930
256,8,12563
256,10,3555
256,11,463
256,12,2272
256,17,196
256,20,23146
256,23,12274
256,26,9707
257,1,29271
257,2,3787
257,4,26591
257,5,3685
257,6,3746
257,8,12871
257,10,474
257,11,1183
257,12,2140
257,17,3759
257,20,23394
257,22,29733
257,23,11998
257,26,9880
258,1,29232
258,2,2398
258,4,26584
258,5,4159
258,6,2398
258,8,12735
258,10,185
258,11,880
258,12,1815
258,17,2398
258,20,23308
258,22,29777
258,23,11994
258,26,9872
259,1,29158
259,2,3528
259,4,26551
259,5,3822
259,6,2149
259,8,12477
259,10,229
259,11,571
259,12,1569
259,17,3716
259,20,23430
259,22,29649
259,23,12227
259,26,9871
260,1,29219
260,2,3922
260,4,26417
260,5,3533
260,6,2829
260,8,12485
260,10,228
260,11,466
260,12,2010
260,17,3654
260,20,23423
260,22,29908
260,23,12077
260,26,9806
261,1,29219
261,2,3287
261,4,26377
261,5,4005
261,6,3089
261,8,12288
261,10,363
261,11,535
261,12,1854
261,17,3564
261,20,23459
261,22,29665
261,23,12011
261,26,9722
262,1,29158
262,2,3337
262,4,26459
262,5,3186
262,6,4145
262,8,12625
262,10,463
262,11,575
262,12,2030
262,17,3308
262,20,23317
262,22,29906
262,23,12220
262,26,9760
263,1,29401
263,2,2428
263,4,26524
263,5,3915
263,6,2428
263,8,12725
263,10,92
263,11,663
263,12,1952
263,17,2428
263,20,23343
263,22,29836
263,23,12198
263,26,9983
264,1,29211
264,2,1307
264,4,26527
264,5,703
264,6,703
264,8,12347
264,10,66
264,11,286
264,12,703
264,17,703
264,20,23319
264,22,29755
264,23,12015
264,26,9949
265,1,29222
265,2,2214
265,4,26327
265,5,2516
265,6,2214
265,8,12315
265,10,171
265,11,870
265,12,2214
265,17,2214
265,20,23313
265,22,29813
265,23,12196
265,26,9859
266,1,29241
266,2,1572
266,4,26454
266,5,1572
266,6,4629
266,8,12317
266,10,213
266,11,225
266,12,1572
266,17,1572
266,20,23294
266,22,29694
266,23,12146
266,26,9914
267,1,29238
267,2,3919
267,4,26508
267,5,2714
267,6,2714
267,8,12611
267,10,106
267,11,346
267,12,1449
267,17,2714
267,20,23406
267,22,29822
267,23,12344
267,26,9535
268,1,29245
268,2,2735
268,4,26527
268,5,4117
268,6,2735
268,8,12565
268,10,212
268,11,422
268,12,1604
268,17,2735
268,20,23401
268,22,29705
268,23,12147
268,26,9722
269,1,29112
269,2,3872
269,4,26320
269,5,2992
269,6,2992
269,8,12348
269,10,92
269,11,521
269,12,2115
269,17,2992
269,20,23410
269,22,29808
269,23,12262
269,26,9653
270,1,29316
270,2,2955
270,4,26492
270,5,3656
270,6,3105
270,8,12511
270,10,379
270,11,739
270,12,1511
270,17,3894
270,20,23459
270,22,29846
270,23,12374
270,26,10013
271,1,29419
271,2,3754
271,4,26376
271,5,27
271,6,3307
271,8,12499
271,10,465
271,11,3787
271,12,1286
271,17,3539
271,20,23278
271,22,29673
271,23,12483
271,26,9743
272,1,29175
272,2,3387
272,4,26623
272,5,4155
272,6,3039
272,8,12541
272,10,487
272,11,373
272,12,2078
272,17,3422
272,20,23376
272,22,29845
272,23,12552
272,26,9617
273,1,29168
273,2,4144
273,4,26445
273,5,1406
273,6,1406
273,8,12514
273,10,132
273,11,777
273,12,1406
273,17,1406
273,20,23413
273,22,29761
273,23,12134
273,26,9588
274,1,29109
274,2,3447
274,4,26514
274,5,3977
274,6,3543
274,8,12240
274,10,475
274,11,1384
274,12,1875
274,17,3556
274,20,23501
274,22,29794
274,23,12190
274,26,9999
275,1,29320
275,2,3689
275,4,26481
275,5,3574
275,6,3885
275,8,12553
275,10,713
275,11,825
275,12,1960
275,17,3555
275,20,23402
275,22,29770
275,23,12463
275,26,10008
276,1,29290
276,2,3966
276,4,26508
276,5,2917
276,6,2599
276,8,12410
276,10,167
276,11,540
276,12,2071
276,17,2983
276,20,23326
276,22,29969
276,23,12257
276,26,9799
277,1,29302
277,2,2955
277,4,26475
277,5,4142
277,6,2955
277,8,12513
277,10,237
277,11,845
277,12,2104
277,17,2955
277,20,23331
277,22,29857
277,23,12336
277,26,9816
278,1,29089
278,2,3827
278,4,26434
278,5,3713
278,6,3461
278,8,12252
278,10,329
278,11,1000
278,12,2403
278,17,3605
278,20,23406
278,22,29896
278,23,12061
278,26,9936
279,1,29293
279,2,2713
279,4,26360
279,5,3619
279,6,2713
279,8,12606
279,10,70
279,11,651
279,12,2248
279,17,2713
279,20,23409
279,22,29656
279,23,11858
279,26,9950
280,1,29150
280,2,2496
280,4,26492
280,5,2496
280,6,2496
280,8,12290
280,10,351
280,11,3894
280,12,1833
280,17,93
280,20,23165
280,22,29701
280,23,12211
280,26,9882
281,1,29112
281,2,3373
281,4,26602
281,5,3727
281,6,3496
281,8,12675
281,10,367
281,11,681
281,12,2160
281,17,3805
281,20,23340
281,22,29758
281,23,12057
281,26,9456
282,1,29222
282,2,3830
282,4,26459
282,5,3692
282,6,3489
282,8,12517
282,10,3733
282,11,552
282,12,2339
282,17,4
282,20,23477
282,22,29704
282,23,11978
282,26,9772
283,1,29154
283,2,1822
283,4,26625
283,5,1822
283,6,2275
283,8,12313
283,10,225
283,11,771
283,12,1822
283,17,1822
283,20,23468
283,22,29786
283,23,11985
283,26,9879
284,1,29199
284,2,3806
284,4,26213
284,5,3313
284,6,3408
284,8,12686
284,10,375
284,11,678
284,12,1992
284,17,3751
284,20,23221
284,22,29718
284,23,12010
284,26,9861
285,1,29216
285,2,2979
285,4,26449
285,5,4211
285,6,3005
285,8,12510
285,10,298
285,11,325
285,12,1795
285,17,3393
285,20,23215
285,22,29640
285,23,12044
285,26,9869
286,1,29074
286,2,2851
286,4,26433
286,5,4021
286,6,2851
286,8,12298
286,10,232
286,11,1210
286,12,2033
286,17,2851
286,20,23405
286,22,29592
286,23,12023
286,26,9747
287,1,29297
287,2,3906
287,4,26457
287,5,3649
287,6,3584
287,8,12456
287,10,320
287,11,719
287,12,1890
287,17,3556
287,20,23386
287,22,29838
287,23,12175
287,26,9706
288,1,29064
288,2,2296
288,4,26590
288,5,1239
288,6,1239
288,8,12579
288,10,115
288,11,220
288,12,1239
288,17,1239
288,20,23021
288,22,29839
288,23,12238
288,26,9884
289,1,29243
289,2,3080
289,4,26592
289,5,3485
289,6,3446
289,8,12549
289,10,4011
289,11,171
289,12,1526
289,17,3
289,20,23246
289,22,29908
289,23,12223
289,26,9946
290,1,29422
290,2,2743
290,4,26521
290,5,3906
290,6,3128
290,8,12431
290,10,693
290,11,462
290,12,2080
290,17,3663
290,20,23200
290,22,29902
290,23,12494
290,26,9688
291,1,29287
291,2,3111
291,4,26458
291,5,4405
291,6,2495
291,8,12582
291,10,319
291,11,232
291,12,1947
291,17,3226
291,20,23416
291,22,29684
291,23,12207
291,26,9867
292,1,29246
292,2,3708
292,4,26525
292,5,3575
292,6,2667
292,8,12342
292,10,456
292,11,602
292,12,2171
292,17,3829
292,20,23468
292,22,29752
292,23,12261
292,26,9641
293,1,29183
293,2,3387
293,4,26489
293,5,127
293,6,3652
293,8,12466
293,10,3831
293,11,743
293,12,2208
293,17,3424
293,20,23417
293,22,29654
293,23,11988
293,26,9734
294,1,29299
294,2,3049
294,4,26487
294,5,3442
294,6,3277
294,8,12770
294,10,598
294,11,417
294,12,2286
294,17,4072
294,20,23264
294,22,29949
294,23,12191
294,26,9968
295,1,29293
295,2,952
295,4,26651
295,5,4241
295,6,952
295,8,12873
295,10,77
295,11,105
295,12,952
295,17,952
295,20,23479
295,23,12081
295,26,9853
296,1,29243
296,2,3081
296,4,26571
296,5,4324
296,6,3138
296,8,12134
296,10,307
296,11,753
296,12,1519
296,17,3022
296,20,23512
296,22,29653
296,23,12313
296,26,9926
297,1,29239
297,2,4069
297,4,26624
297,5,3294
297,6,3241
297,8,12621
297,10,417
297,11,196
297,12,1702
297,17,3548
297,20,23321
297,22,29788
297,23,12581
297,26,9858
298,1,29146
298,2,2984
298,4,26454
298,5,3786
298,6,3151
298,8,12476
298,10,155
298,11,337
298,12,1450
298,17,3752
298,20,23386
298,22,29707
298,23,12023
298,26,9857
299,1,29338
299,2,44
299,4,26422
299,5,3399
299,6,2897
299,8,12485
299,10,4081
299,11,268
299,12,1776
299,17,3444
299,20,23386
299,22,29780
299,23,12069
299,26,9804
300,1,29343
300,2,3435
300,4,26488
300,5,3984
300,6,2812
300,8,12187
300,10,485
300,11,764
300,12,1751
300,17,3591
300,20,23384
300,22,29770
300,23,12303
300,26,9885
301,1,29182
301,2,3484
301,4,26490
301,5,3082
301,6,3228
301,8,12478
301,10,362
301,11,226
301,12,1943
301,17,4007
301,20,23201
301,22,29728
301,23,12416
301,26,9873
302,1,29138
302,2,3717
302,4,26633
302,5,3328
302,6,3665
302,8,12287
302,10,884
302,11,797
302,12,1952
302,17,3812
302,20,23325
302,22,29708
302,23,12016
302,26,9369
303,1,29173
303,2,3582
303,4,26323
303,5,3795
303,6,2905
303,8,12443
303,10,152
303,11,476
303,12,1658
303,17,3739
303,20,23196
303,22,29667
303,23,12155
303,26,9842
304,1,29156
304,2,30
304,4,26555
304,5,3641
304,6,2549
304,8,12366
304,10,3833
304,11,692
304,12,1631
304,17,3705
304,20,23347
304,22,29781
304,23,12264
304,26,9810
305,1,29022
305,2,3612
305,4,26433
305,5,3133
305,6,3221
305,8,12474
305,10,294
305,11,192
305,12,2307
305,17,3905
305,20,23450
305,22,29722
305,23,12302
305,26,9914
306,1,29227
306,2,3326
306,4,26534
306,5,3779
306,6,3277
306,8,12472
306,10,574
306,11,839
306,12,1885
306,17,3766
306,20,23341
306,22,29639
306,23,12094
306,26,10081
307,1,29200
307,2,3799
307,4,26473
307,5,3752
307,6,3062
307,8,12486
307,10,584
307,11,599
307,12,2236
307,17,3372
307,20,23374
307,22,29784
307,23,12177
307,26,9882
308,1,29249
308,2,4473
308,4,26431
308,5,203
308,6,203
308,8,12627
308,10,22
308,11,203
308,12,203
308,17,203
308,20,23217
308,22,29807
308,23,12414
308,26,9844
309,1,29211
309,2,3168
309,4,26479
309,5,3755
309,6,3525
309,8,12334
309,10,322
309,11,741
309,12,1779
309,17,3786
309,20,23336
309,22,29716
309,23,12355
309,26,9476
310,1,29123
310,2,3176
310,4,26506
310,5,3673
310,6,3056
310,8,12521
310,10,694
310,11,3856
310,12,1867
310,17,171
310,20,23306
310,22,29711
310,23,12106
310,26,9758
311,1,29205
311,2,2811
311,4,26651
311,5,3773
311,6,3792
311,8,12652
311,10,398
311,11,224
311,12,2153
311,17,3021
311,20,23363
311,22,29845
311,23,12254
311,26,9934
312,1,29341
312,2,3291
312,4,26392
312,5,3942
312,6,3272
312,8,12453
312,10,543
312,11,675
312,12,1990
312,17,3627
312,20,23355
312,22,29804
312,23,12275
312,26,10023
313,1,29310
313,2,3903
313,4,26584
313,5,3650
313,6,3498
313,8,12744
313,10,325
313,11,715
313,12,2370
313,17,3595
313,20,23161
313,22,29846
313,23,12298
313,26,9764
314,1,29312
314,2,4046
314,4,26494
314,5,3300
314,6,3381
314,8,12559
314,10,509
314,11,1056
314,12,2217
314,17,3535
314,20,23110
314,22,29839
314,23,11951
314,26,9501
315,1,29083
315,2,3657
315,4,26522
315,5,3444
315,6,3907
315,8,12446
315,10,633
315,11,1346
315,12,2414
315,17,3514
315,20,23109
315,22,29831
315,23,12361
315,26,9601
316,1,29216
316,2,3387
316,4,26561
316,5,3517
316,6,2827
316,8,12666
316,10,167
316,11,217
316,12,1249
316,17,4005
316,20,23317
316,22,29847
316,23,12273
316,26,9889
317,1,29096
317,2,3550
317,4,26424
317,5,3435
317,6,3581
317,8,12599
317,10,560
317,11,618
317,12,1618
317,17,3928
317,20,23348
317,22,29685
317,23,12019
317,26,10115
318,1,29334
318,2,3732
318,4,26627
318,5,3735
318,6,3816
318,8,12730
318,10,408
318,11,1173
318,12,2207
318,17,3550
318,20,23167
318,22,29699
318,23,12131
318,26,9916
319,1,29216
319,2,3581
319,4,26474
319,5,3573
319,6,2733
319,8,12574
319,10,190
319,11,458
319,12,1764
319,17,3928
319,20,23421
319,22,29824
319,23,12274
319,26,9620
320,1,29260
320,2,3799
320,4,26634
320,5,3416
320,6,3747
320,8,12670
320,10,560
320,11,742
320,12,2243
320,17,3374
320,20,23275
320,22,29751
320,23,12102
320,26,9629
321,1,29249
321,2,3841
321,4,26573
321,5,3407
321,6,3291
321,8,12575
321,10,3724
321,11,1187
321,12,1873
321,17,125
321,20,23390
321,22,29665
321,23,12252
321,26,10075
322,1,29194
322,2,3168
322,4,26563
322,5,4173
322,6,3209
322,8,12389
322,10,739
322,11,1299
322,12,1890
322,17,3413
322,20,23289
322,22,29808
322,23,12038
322,26,9572
323,1,29402
323,2,2447
323,4,26720
323,5,4136
323,6,2447
323,8,12406
323,10,195
323,11,623
323,12,2145
323,17,2447
323,20,23360
323,22,29858
323,23,12441
323,26,9597
324,1,29131
324,2,4345
324,4,26539
324,5,3225
324,6,2984
324,8,12642
324,10,396
324,11,599
324,12,2144
324,17,3201
324,20,23241
324,22,29690
324,23,12076
324,26,9961
325,1,29316
325,2,207
325,4,26413
325,5,207
325,6,207
325,8,12413
325,10,207
325,11,3076
325,12,207
325,17,10
325,20,23335
325,22,29754
325,23,12174
325,26,9807
326,1,29196
326,2,3639
326,4,26543
326,5,3902
326,6,2751
326,8,12469
326,10,366
326,11,531
326,12,1860
326,17,3554
326,20,23406
326,22,29894
326,23,12219
326,26,9653
327,1,29234
327,2,3542
327,4,26440
327,5,3432
327,6,3166
327,8,12491
327,10,596
327,11,1407
327,12,1910
327,17,3968
327,20,23498
327,22,29917
327,23,12358
327,26,9831
328,1,29113
328,2,3565
328,4,26415
328,5,466
328,6,3693
328,8,12490
328,10,3726
328,11,1031
328,12,2080
328,17,3819
328,20,23493
328,22,29712
328,23,12238
328,26,9946
329,1,29263
329,2,2763
329,4,26475
329,5,3381
329,6,2412
329,8,12551
329,10,90
329,11,629
329,12,1991
329,17,4124
329,20,23610
329,22,29855
329,23,12134
329,26,9785
330,1,29236
330,2,3537
330,4,26521
330,5,3793
330,6,3107
330,8,12643
330,10,217
330,11,307
330,12,1772
330,17,3763
330,20,23330
330,22,29779
330,23,12387
330,26,10024
331,1,29105
331,2,3206
331,4,26588
331,5,3810
331,6,3206
331,8,12576
331,10,74
331,11,634
331,12,1848
331,17,3206
331,20,23380
331,22,29691
331,23,12207
331,26,9947
332,1,29126
332,2,4280
332,4,26521
332,5,905
332,6,905
332,8,12793
332,10,87
332,11,133
332,12,905
332,17,905
332,20,23225
332,22,29790
332,23,12094
332,26,9798
333,1,29386
333,2,821
333,4,26489
333,5,821
333,6,821
333,8,12311
333,10,16
333,11,512
333,12,821
333,17,4086
333,20,23322
333,22,29653
333,23,12185
333,26,10020
334,1,29292
334,2,3695
334,4,26414
334,5,3754
334,6,3795
334,8,12357
334,10,372
334,11,619
334,12,2299
334,17,3744
334,20,23352
334,22,29908
334,23,12160
334,26,9864
335,1,29170
335,2,3721
335,4,26444
335,5,3752
335,6,3792
335,8,12552
335,10,477
335,11,944
335,12,2114
335,17,3287
335,20,23300
335,22,29757
335,23,12350
335,26,9406
336,1,29137
336,2,3204
336,4,26674
336,5,3125
336,6,3394
336,8,12431
336,10,535
336,11,756
336,12,2176
336,17,4047
336,20,23312
336,22,29868
336,23,12256
336,26,9812
337,1,29357
337,2,4167
337,4,26401
337,5,3377
337,6,3330
337,8,12608
337,10,3360
337,11,860
337,12,2036
337,17,314
337,20,23208
337,22,29699
337,23,12106
337,26,9681
338,1,29243
338,2,542
338,4,26569
338,5,4151
338,6,542
338,8,12433
338,10,39
338,11,198
338,12,542
338,17,542
338,20,23166
338,22,29925
338,23,12265
338,26,9831
339,1,29357
339,2,3239
339,4,26486
339,5,4013
339,6,3239
339,8,12437
339,10,252
339,11,707
339,12,2299
339,17,3238
339,20,23358
339,22,29691
339,23,12416
339,26,9631
340,1,29065
340,2,3559
340,4,26449
340,5,3458
340,6,3968
340,8,12555
340,10,475
340,11,1328
340,12,2413
340,17,3613
340,20,23228
340,22,29809
340,23,12166
340,26,9929
341,1,29138
341,2,3639
341,4,26408
341,5,3915
341,6,3381
341,8,12417
341,10,771
341,11,232
341,12,1848
341,17,3327
341,20,23323
341,22,29920
341,23,12259
341,26,9907
342,1,29103
342,2,3666
342,4,26527
342,5,1
342,6,3890
342,8,12439
342,10,3537
342,11,226
342,12,2209
342,17,3517
342,20,23222
342,22,29690
342,23,12420
342,26,9763
343,1,29239
343,2,3707
343,4,26427
343,5,3656
343,6,3393
343,8,12524
343,10,455
343,11,489
343,12,2293
343,17,3814
343,20,22979
343,22,29763
343,23,11907
343,26,9745
344,1,29388
344,2,3856
344,4,26513
344,5,3394
344,6,3242
344,8,12454
344,10,432
344,11,466
344,12,2208
344,17,3703
344,20,23290
344,22,29841
344,23,12134
344,26,9572
345,1,29427
345,2,969
345,4,26691
345,5,4206
345,6,969
345,8,12656
345,10,70
345,11,310
345,12,969
345,17,969
345,20,23295
345,22,29858
345,23,12221
345,26,9992
346,1,29183
346,2,3210
346,4,26576
346,5,2927
346,6,2596
346,8,12542
346,10,233
346,11,277
346,12,1699
346,17,4248
346,20,23246
346,22,29900
346,23,12402
346,26,9979
347,1,29235
347,2,2913
347,4,26665
347,5,2913
347,6,4224
347,8,12356
347,10,334
347,11,1083
347,12,1979
347,17,2913
347,20,23310
347,22,29940
347,23,12297
347,26,9841
348,1,29198
348,2,4065
348,4,26538
348,5,3487
348,6,3381
348,8,12584
348,10,608
348,11,841
348,12,1766
348,17,3471
348,20,23359
348,22,29741
348,23,12049
348,26,9913
349,1,29187
349,2,4021
349,4,26501
349,5,3543
349,6,2919
349,8,12694
349,10,279
349,11,662
349,12,1984
349,17,3551
349,20,23378
349,22,29868
349,23,12213
349,26,9813
350,1,29317
350,2,2662
350,4,26585
350,5,126
350,6,2595
350,8,12655
350,10,3730
350,11,331
350,12,1585
350,17,3815
350,20,23471
350,22,29618
350,23,12136
350,26,9508
351,1,29252
351,2,3410
351,4,26455
351,5,4118
351,6,2568
351,8,12483
351,10,548
351,11,724
351,12,1483
351,17,3288
351,20,23302
351,22,29906
351,23,12090
351,26,9805
352,1,29210
352,2,130
352,4,26561
352,5,3534
352,6,2941
352,8,12298
352,10,337
352,11,3999
352,12,1233
352,17,3084
352,20,23391
352,22,29844
352,23,12174
352,26,9853
353,1,29287
353,2,3495
353,4,26361
353,5,3433
353,6,3185
353,8,12374
353,10,3998
353,11,791
353,12,1859
353,17,325
353,20,23306
353,22,29671
353,23,12297
353,26,9795
354,1,29160
354,2,4321
354,4,26517
354,5,1725
354,6,1725
354,8,12228
354,10,161
354,11,540
354,12,1725
354,17,1725
354,20,23236
354,22,29629
354,23,12005
354,26,9681
355,1,29230
355,2,3416
355,4,26594
355,5,3214
355,6,3144
355,8,12483
355,10,284
355,11,614
355,12,2102
355,17,4069
355,20,23207
355,22,29701
355,23,11858
355,26,9572
356,1,29105
356,2,1987
356,4,26513
356,5,1987
356,6,1987
356,8,12910
356,10,38
356,11,768
356,12,1793
356,17,3910
356,20,23450
356,22,29768
356,23,11720
356,26,9748
357,1,29300
357,2,3376
357,4,26417
357,5,3469
357,6,3358
357,8,12379
357,10,609
357,11,4065
357,12,1881
357,17,157
357,20,23496
357,22,29700
357,23,12172
357,26,9893
358,1,29276
358,2,4089
358,4,26440
358,5,2875
358,6,2189
358,8,12679
358,10,391
358,11,657
358,12,1544
358,17,3511
358,20,23405
358,22,29835
358,23,12569
358,26,9954
359,1,29381
359,2,29
359,4,26546
359,5,4026
359,6,2329
359,8,12528
359,10,182
359,11,2329
359,12,1995
359,17,2329
359,20,23349
359,22,29841
359,23,12038
359,26,9897
360,1,29113
360,2,3316
360,4,26432
360,5,3770
360,6,3178
360,8,12577
360,10,134
360,11,350
360,12,1939
360,17,3781
360,20,23507
360,22,29759
360,23,12267
360,26,10003
361,1,29322
361,2,3872
361,4,26541
361,5,3668
361,6,2602
361,8,12382
361,10,439
361,11,640
361,12,1740
361,17,3144
361,20,23031
361,22,29764
361,23,12285
361,26,9711
362,1,29249
362,2,3309
362,4,26469
362,5,3821
362,6,3104
362,8,12431
362,10,287
362,11,496
362,12,1453
362,17,3727
362,20,23445
362,22,29746
362,23,12564
362,26,9751
363,1,29215
363,2,3937
363,4,26643
363,5,3387
363,6,3110
363,8,12489
363,10,502
363,11,785
363,12,2256
363,17,3634
363,20,23387
363,22,29806
363,23,12181
363,26,9871
364,1,29168
364,2,3863
364,4,26258
364,5,3506
364,6,3658
364,8,12325
364,10,717
364,11,390
364,12,2318
364,17,3512
364,20,23527
364,22,29622
364,23,12149
364,26,9815
365,1,29113
365,2,3309
365,4,26253
365,5,3894
365,6,3617
365,8,12625
365,10,479
365,11,1098
365,12,2483
365,17,3553
365,20,23444
365,22,29714
365,23,12151
365,26,9629
366,1,29256
366,2,3475
366,4,26599
366,5,3891
366,6,3355
366,8,12378
366,10,407
366,11,934
366,12,2099
366,17,3675
366,20,23391
366,22,29713
366,23,12199
366,26,9865
367,1,29287
367,2,3579
367,4,26522
367,5,3212
367,6,3277
367,8,12398
367,10,245
367,11,579
367,12,1940
367,17,3937
367,20,23243
367,22,29783
367,23,12508
367,26,10023
368,1,29276
368,2,48
368,4,26577
368,5,4278
368,6,2883
368,8,12574
368,10,3334
368,11,646
368,12,2070
368,17,3131
368,20,23125
368,22,29613
368,23,12035
368,26,9697
369,1,29099
369,2,4185
369,4,26449
369,5,3381
369,6,3014
369,8,12419
369,10,523
369,11,491
369,12,2346
369,17,3353
369,20,23445
369,22,29807
369,23,12144
369,26,9705
370,1,29248
370,2,4056
370,4,26599
370,5,94
370,6,2948
370,8,12760
370,10,3547
370,11,24
370,12,1822
370,17,3428
370,20,23220
370,22,29762
370,23,12185
370,26,10154
371,1,29279
371,2,3681
371,4,26443
371,5,3633
371,6,3869
371,8,12536
371,10,1205
371,11,779
371,12,2493
371,17,3417
371,20,23407
371,22,29633
371,23,12279
371,26,9879
372,1,29108
372,2,3666
372,4,26340
372,5,3368
372,6,3883
372,8,12709
372,10,187
372,11,774
372,12,2312
372,17,3682
372,20,23448
372,22,29728
372,23,12204
372,26,9703
373,1,29317
373,2,3882
373,4,26416
373,5,3631
373,6,3651
373,8,12406
373,10,627
373,11,437
373,12,1743
373,17,3599
373,20,23277
373,22,29704
373,23,12334
373,26,9950
374,1,29299
374,2,3528
374,4,26367
374,5,3925
374,6,2984
374,8,12335
374,10,332
374,11,597
374,12,1454
374,17,3626
374,20,23252
374,22,29861
374,23,12003
374,26,9854
375,1,29173
375,2,4102
375,4,26602
375,5,3446
375,6,3111
375,8,12460
375,10,396
375,11,864
375,12,1839
375,17,3489
375,20,23297
375,22,29791
375,23,11753
375,26,9885
376,1,29159
376,2,3663
376,4,26501
376,5,3778
376,6,3768
376,8,12559
376,10,488
376,11,515
376,12,1814
376,17,3274
376,20,23042
376,22,29939
376,23,12137
376,26,10077
377,1,29300
377,2,4258
377,4,26666
377,5,1912
377,6,1912
377,8,12589
377,10,189
377,11,891
377,12,1711
377,17,1912
377,20,23458
377,22,29733
377,23,12178
377,26,9634
378,1,29114
378,2,3356
378,4,26426
378,5,3891
378,6,3005
378,8,12474
378,10,472
378,11,712
378,12,1915
378,17,3672
378,20,23203
378,22,29870
378,23,12380
378,26,9836
379,1,29275
379,2,3623
379,4,26505
379,5,3846
379,6,2714
379,8,12568
379,10,273
379,11,691
379,12,2152
379,17,3711
379,20,23470
379,22,29725
379,23,12110
379,26,10024
380,1,29328
380,2,3722
380,4,26346
380,5,3821
380,6,2685
380,8,12327
380,10,758
380,11,758
380,12,1898
380,17,3607
380,20,23354
380,22,29669
380,23,12149
380,26,9468
381,1,29208
381,2,4299
381,4,26290
381,5,600
381,6,600
381,8,12709
381,10,600
381,11,600
381,12,600
381,17,45
381,20,23198
381,22,29688
381,23,12148
381,26,9490
382,1,29311
382,2,155
382,4,26455
382,5,3119
382,6,3342
382,8,12502
382,10,3543
382,11,375
382,12,1863
382,17,4008
382,20,23243
382,22,29721
382,23,12211
382,26,9702
383,1,29277
383,2,3880
383,4,26576
383,5,69
383,6,3661
383,8,12525
383,10,3703
383,11,488
383,12,2124
383,17,3545
383,20,23456
383,22,29839
383,23,12067
383,26,9883
384,1,29174
384,2,3566
384,4,26394
384,5,3244
384,6,3300
384,8,12171
384,10,3941
384,11,290
384,12,2103
384,17,207
384,20,23336
384,22,29729
384,23,12267
384,26,9662
385,1,29196
385,2,2823
385,4,26314
385,5,2823
385,6,2823
385,8,12526
385,10,57
385,11,394
385,12,2017
385,17,2823
385,20,23476
385,22,29717
385,23,11965
385,26,9814
386,1,29435
386,2,3979
386,4,26441
386,5,3463
386,6,3310
386,8,12465
386,10,494
386,11,405
386,12,2356
386,17,3612
386,20,23219
386,22,29856
386,23,12383
386,26,9894
387,1,29397
387,2,3851
387,4,26683
387,5,55
387,6,3020
387,8,12494
387,10,3689
387,11,1172
387,12,2267
387,17,3709
387,20,23486
387,22,29569
387,23,12121
387,26,9671
388,1,29270
388,2,3875
388,4,26651
388,5,3567
388,6,2925
388,8,12648
388,10,3699
388,11,693
388,12,1843
388,17,95
388,20,23449
388,22,29729
388,23,12495
388,26,9677
389,1,29347
389,2,3601
389,4,26469
389,5,3945
389,6,3001
389,8,12429
389,10,3454
389,11,391
389,12,2047
389,17,469
389,20,23255
389,22,29946
389,23,12379
389,26,9630
390,1,29319
390,2,2717
390,4,26545
390,5,3675
390,6,3311
390,8,12463
390,10,179
390,11,270
390,12,2309
390,17,3863
390,20,23357
390,22,29841
390,23,12301
390,26,9320
391,1,29226
391,2,3538
391,4,26560
391,5,3426
391,6,2940
391,8,12707
391,10,3969
391,11,152
391,12,2047
391,17,90
391,20,23232
391,22,29752
391,23,12174
391,26,9804
392,1,29278
392,2,3014
392,4,26379
392,5,3014
392,6,4137
392,8,12305
392,10,3014
392,11,1181
392,12,1001
392,17,121
392,20,23316
392,22,29713
392,23,12126
392,26,9633
393,1,29110
393,2,3366
393,4,26591
393,5,3802
393,6,3747
393,8,12479
393,10,226
393,11,632
393,12,1740
393,17,3690
393,20,23295
393,22,29851
393,23,12250
393,26,9949
394,1,29166
394,2,3793
394,4,26493
394,5,3301
394,6,3057
394,8,12701
394,10,371
394,11,481
394,12,1830
394,17,3749
394,20,23243
394,22,29693
394,23,12018
394,26,9931
395,1,29259
395,2,3058
395,4,26358
395,5,4205
395,6,3058
395,8,12451
395,10,244
395,11,728
395,12,1854
395,17,3058
395,20,23318
395,22,29744
395,23,12091
395,26,9561
396,1,29283
396,2,2360
396,4,26312
396,5,4193
396,6,2487
396,8,12367
396,10,206
396,11,363
396,12,1852
396,17,2487
396,20,23306
396,22,29892
396,23,12177
396,26,9838
397,1,29377
397,2,3724
397,4,26756
397,5,3845
397,6,2934
397,8,12537
397,10,353
397,11,658
397,12,2026
397,17,3116
397,20,23249
397,22,29790
397,23,12324
397,26,10142
398,1,29262
398,2,2884
398,4,26560
398,5,163
398,6,3065
398,8,12635
398,10,4070
398,11,548
398,12,1653
398,17,3467
398,20,23296
398,22,29777
398,23,12303
398,26,9711
399,1,29203
399,2,3464
399,4,26540
399,5,3726
399,6,3433
399,8,12375
399,10,614
399,11,786
399,12,2570
399,17,3803
399,20,23259
399,22,29769
399,23,12170
399,26,9514
400,1,29315
400,2,3061
400,4,26646
400,5,3061
400,6,3212
400,8,12402
400,10,319
400,11,812
400,12,2221
400,17,3061
400,20,23436
400,22,29763
400,23,11997
400,26,9899
401,1,29277
401,2,3673
401,4,26400
401,5,3140
401,6,3819
401,8,12432
401,10,3725
401,11,415
401,12,2135
401,17,148
401,20,23226
401,22,29903
401,23,11922
401,26,9668
402,1,28972
402,2,3621
402,4,26255
402,5,3808
402,6,3294
402,8,12492
402,10,721
402,11,619
402,12,2060
402,17,3718
402,20,23320
402,22,29608
402,23,12026
402,26,9928
403,1,29095
403,2,3212
403,4,26613
403,5,3793
403,6,3116
403,8,12354
403,10,335
403,11,734
403,12,2716
403,17,3751
403,20,23325
403,22,29768
403,23,12535
403,26,9750
404,1,29168
404,2,3362
404,4,26375
404,5,3658
404,6,3201
404,8,12380
404,10,356
404,11,1049
404,12,2226
404,17,3858
404,20,23257
404,22,29672
404,23,12206
404,26,9503
405,1,29222
405,2,3494
405,4,26521
405,5,3787
405,6,3749
405,8,12623
405,10,800
405,11,668
405,12,1802
405,17,3449
405,20,23138
405,22,29796
405,23,12375
405,26,9774
406,1,29201
406,2,3852
406,4,26649
406,5,3698
406,6,3233
406,8,12654
406,10,496
406,11,958
406,12,1913
406,17,3595
406,20,23053
406,22,29613
406,23,12292
406,26,9822
407,1,29364
407,2,4580
407,4,26242
407,5,836
407,6,836
407,8,12658
407,10,81
407,11,536
407,12,836
407,17,836
407,20,23249
407,22,29715
407,23,12145
407,26,9465
408,1,29332
408,2,3512
408,4,26581
408,5,3443
408,6,3246
408,8,12357
408,10,451
408,11,585
408,12,1813
408,17,3990
408,20,23278
408,22,29838
408,23,12163
408,26,9946
409,1,29400
409,2,4104
409,4,26540
409,5,3278
409,6,3337
409,8,12785
409,10,555
409,11,316
409,12,1600
409,17,3495
409,20,23319
409,22,29694
409,23,12094
409,26,9889
410,1,29274
410,2,3345
410,4,26523
410,5,1986
410,6,1986
410,8,12543
410,10,292
410,11,1986
410,12,1647
410,17,132
410,20,23247
410,22,29735
410,23,12101
410,26,9767
411,1,29479
411,2,2016
411,4,26564
411,5,2922
411,6,2016
411,8,12435
411,10,56
411,11,473
411,12,1991
411,17,2016
411,20,23150
411,22,29698
411,23,12233
411,26,10004
412,1,29413
412,2,3695
412,4,26642
412,5,3348
412,6,3863
412,8,12528
412,10,503
412,11,1128
412,12,2365
412,17,3407
412,20,23453
412,22,29689
412,23,12140
412,26,9767
413,1,29173
413,2,3874
413,4,26352
413,5,3425
413,6,3213
413,8,12629
413,10,3685
413,11,575
413,12,1700
413,17,94
413,20,23058
413,22,29826
413,23,12362
413,26,9416
414,1,29221
414,2,3768
414,4,26685
414,5,3667
414,6,3675
414,8,12613
414,10,128
414,11,665
414,12,2183
414,17,3783
414,20,23297
414,22,29835
414,23,12248
414,26,9755
415,1,29092
415,2,3421
415,4,26416
415,5,4025
415,6,3128
415,8,12659
415,10,321
415,11,157
415,12,1929
415,17,3552
415,20,23299
415,22,29906
415,23,12177
415,26,9653
416,1,29220
416,2,3515
416,4,26382
416,5,3357
416,6,2920
416,8,12410
416,10,329
416,11,456
416,12,1896
416,17,3995
416,20,23385
416,22,29854
416,23,12213
416,26,10001
417,1,29063
417,2,3553
417,4,26592
417,5,3763
417,6,3547
417,8,12670
417,10,729
417,11,595
417,12,1972
417,17,3795
417,20,23396
417,22,29888
417,23,12310
417,26,10118
418,1,29167
418,2,447
418,4,26542
418,5,447
418,6,447
418,8,12479
418,10,54
418,11,2108
418,12,447
418,17,17
418,20,23054
418,22,29650
418,23,12336
418,26,9964
419,1,29151
419,2,3729
419,4,26631
419,5,3819
419,6,3270
419,8,12428
419,10,409
419,11,767
419,12,2425
419,17,3600
419,20,23458
419,22,29830
419,23,12150
419,26,9863
420,1,29168
420,2,3319
420,4,26440
420,5,3399
420,6,2856
420,8,12656
420,10,69
420,11,449
420,12,1544
420,17,4097
420,20,23508
420,22,29694
420,23,12300
420,26,9750
421,1,29397
421,2,3622
421,4,26636
421,5,3930
421,6,2756
421,8,12739
421,10,579
421,11,997
421,12,1908
421,17,3571
421,20,23253
421,22,29738
421,23,12513
421,26,9880
422,1,29294
422,2,3452
422,4,26768
422,5,3547
422,6,2844
422,8,12376
422,10,268
422,11,208
422,12,1872
422,17,3983
422,20,23558
422,22,29901
422,23,12271
422,26,9921
423,1,29195
423,2,3668
423,4,26426
423,5,3721
423,6,2799
423,8,12750
423,10,3821
423,11,143
423,12,2082
423,17,27
423,20,23356
423,22,29802
423,23,11934
423,26,10060
424,1,29320
424,2,2942
424,4,26575
424,5,2942
424,6,4265
424,8,12802
424,10,390
424,11,491
424,12,2059
424,17,2942
424,20,23436
424,22,29731
424,23,12135
424,26,9840
425,1,29102
425,2,3673
425,4,26612
425,5,3872
425,6,3010
425,8,12700
425,10,431
425,11,837
425,12,2053
425,17,3335
425,20,23322
425,22,29742
425,23,12390
425,26,9685
426,1,29248
426,2,4031
426,4,26475
426,5,1149
426,6,1149
426,8,12306
426,10,394
426,11,56
426,12,1149
426,17,1149
426,20,23393
426,22,29805
426,23,12277
426,26,9833
427,1,29243
427,2,123
427,4,26636
427,5,4210
427,6,123
427,8,12620
427,10,12
427,11,123
427,12,123
427,17,123
427,20,23297
427,22,29869
427,23,11958
427,26,9574
428,1,29273
428,2,3297
428,4,26445
428,5,3633
428,6,3672
428,8,12409
428,10,296
428,11,387
428,12,2028
428,17,3859
428,20,23512
428,22,29871
428,23,12440
428,26,9986
429,1,29276
429,2,3306
429,4,26531
429,5,4191
429,6,3288
429,8,12546
429,10,3394
429,11,413
429,12,1829
429,17,321
429,20,23187
429,22,29651
429,23,12231
429,26,9770
430,1,29079
430,2,3683
430,4,26555
430,5,3618
430,6,3880
430,8,12605
430,10,202
430,11,766
430,12,2362
430,17,3662
430,20,23405
430,22,29946
430,23,12491
430,26,9741
431,1,29206
431,2,3494
431,4,26520
431,5,3908
431,6,3473
431,8,12670
431,10,626
431,11,603
431,12,2109
431,17,3664
431,20,23250
431,22,29832
431,23,12317
431,26,10107
432,1,29166
432,2,3680
432,4,26558
432,5,3076
432,6,3076
432,8,12441
432,10,717
432,11,93
432,12,2219
432,17,3076
432,20,23357
432,22,29855
432,23,12053
432,26,9956
433,1,29297
433,2,3946
433,4,26421
433,5,3587
433,6,3491
433,8,12470
433,10,976
433,11,920
433,12,1813
433,17,3627
433,20,23227
433,22,29648
433,23,12128
433,26,9918
434,1,29190
434,2,3734
434,4,26404
434,5,3803
434,6,3317
434,8,12475
434,10,334
434,11,633
434,12,1924
434,17,3413
434,20,23443
434,22,29598
434,23,12015
434,26,9871
435,1,29211
435,2,379
435,4,26690
435,5,983
435,6,379
435,8,12463
435,10,36
435,11,379
435,12,379
435,17,379
435,20,23286
435,22,29602
435,23,12152
435,26,9797
436,1,29173
436,2,3796
436,4,26540
436,5,3654
436,6,3229
436,8,12649
436,10,3754
436,11,1255
436,12,1712
436,17,166
436,20,23435
436,22,29736
436,23,12224
436,26,10074
437,1,29295
437,2,3121
437,4,26575
437,5,3713
437,6,3835
437,8,12333
437,10,702
437,11,932
437,12,2508
437,17,3448
437,20,23348
437,22,29829
437,23,12103
437,26,9703
438,1,29234
438,2,2532
438,4,26454
438,5,1777
438,6,1777
438,8,12750
438,10,145
438,11,1144
438,12,1777
438,17,1777
438,20,23081
438,22,29685
438,23,12302
438,26,9657
439,1,29288
439,2,2939
439,4,26545
439,5,2939
439,6,2939
439,8,12395
439,10,59
439,11,369
439,12,1829
439,17,3896
439,20,23260
439,22,29906
439,23,12203
439,26,9594
440,1,29294
440,2,3369
440,4,26625
440,5,3687
440,6,3081
440,8,12432
440,10,350
440,11,374
440,12,1631
440,17,3850
440,20,23166
440,22,29768
440,23,12250
440,26,9908
441,1,29258
441,2,298
441,4,26492
441,5,298
441,6,298
441,8,12593
441,10,4
441,11,298
441,12,298
441,17,298
441,20,23189
441,22,29835
441,23,11877
441,26,9656
442,1,29399
442,2,3618
442,4,26407
442,5,163
442,6,3089
442,8,12411
442,10,600
442,11,3919
442,12,1576
442,17,3534
442,20,23395
442,22,29790
442,23,12024
442,26,9708
443,1,29210
443,2,4008
443,4,26634
443,5,3385
443,6,3069
443,8,12511
443,10,455
443,11,263
443,12,2352
443,17,3577
443,20,23177
443,22,29861
443,23,12187
443,26,9722
444,1,29209
444,2,3604
444,4,26316
444,5,3538
444,6,3123
444,8,12791
444,10,570
444,11,815
444,12,2230
444,17,3917
444,20,23372
444,22,29766
444,23,12376
444,26,9583
445,1,29290
445,2,3797
445,4,26589
445,5,3762
445,6,2817
445,8,12495
445,10,258
445,11,275
445,12,1871
445,17,3619
445,20,23522
445,22,29795
445,23,12158
445,26,9912
446,1,29291
446,2,3256
446,4,26475
446,5,3263
446,6,3758
446,8,12752
446,10,599
446,11,3770
446,12,2109
446,17,146
446,20,23353
446,22,29811
446,23,12010
446,26,10103
447,1,29223
447,2,4042
447,4,26627
447,5,3515
447,6,2818
447,8,12674
447,10,525
447,11,829
447,12,1742
447,17,3490
447,20,23270
447,22,29778
447,23,12090
447,26,9930
448,1,29175
448,2,4034
448,4,26446
448,5,3520
448,6,3357
448,8,12830
448,10,497
448,11,488
448,12,2444
448,17,3175
448,20,23200
448,22,29715
448,23,12057
448,26,9868
449,1,29299
449,2,3654
449,4,26558
449,5,3892
449,6,3572
449,8,12254
449,10,486
449,11,1067
449,12,2689
449,17,3537
449,20,23309
449,22,29870
449,23,12329
449,26,9543
450,1,29370
450,2,3637
450,4,26244
450,5,3530
450,6,3922
450,8,12675
450,10,676
450,11,877
450,12,1895
450,17,3327
450,20,23575
450,22,29582
450,23,12061
450,26,9547
451,1,29394
451,2,3269
451,4,26608
451,5,3269
451,6,4040
451,8,12402
451,10,3269
451,11,723
451,12,2363
451,17,169
451,20,23210
451,22,29647
451,23,12223
451,26,9728
452,1,29228
452,2,3495
452,4,26524
452,5,3643
452,6,3581
452,8,12382
452,10,386
452,11,548
452,12,2161
452,17,3899
452,20,23301
452,22,29880
452,23,11988
452,26,10030
453,1,29183
453,2,3522
453,4,26515
453,5,3744
453,6,3575
453,8,12444
453,10,309
453,11,878
453,12,1954
453,17,3799
453,20,23324
453,22,29786
453,23,12159
453,26,10275
454,1,29390
454,2,4209
454,4,26366
454,5,3157
454,6,2923
454,8,12392
454,10,296
454,11,352
454,12,2165
454,17,3157
454,20,23358
454,22,29716
454,23,12138
454,26,9759
455,1,29279
455,2,1921
455,4,26637
455,5,1921
455,6,1921
455,8,12506
455,10,37
455,11,474
455,12,1921
455,17,2676
455,20,23290
455,22,29723
455,23,12228
455,26,9803
456,1,29199
456,2,2947
456,4,26836
456,5,4071
456,6,3189
456,8,12518
456,10,409
456,11,788
456,12,1975
456,17,3521
456,20,23513
456,22,29859
456,23,12074
456,26,9986
457,1,29189
457,2,3679
457,4,26478
457,5,2471
457,6,2471
457,8,12485
457,10,229
457,11,928
457,12,1803
457,17,2471
457,20,23250
457,22,29808
457,23,12311
457,26,9649
458,1,29187
458,2,3817
458,4,26629
458,5,3738
458,6,3398
458,8,12388
458,10,603
458,11,873
458,12,2261
458,17,3678
458,20,23399
458,22,29907
458,23,12338
458,26,9532
459,1,29182
459,2,3786
459,4,26382
459,5,3761
459,6,3346
459,8,12695
459,10,186
459,11,699
459,12,2039
459,17,3744
459,20,23340
459,22,29852
459,23,12280
459,26,9583
460,1,29138
460,2,3443
460,4,26221
460,5,3893
460,6,3486
460,8,12370
460,10,237
460,11,663
460,12,2072
460,17,3675
460,20,23325
460,22,29811
460,23,12399
460,26,9994
461,1,29162
461,2,3638
461,4,26528
461,5,3905
461,6,3363
461,8,12529
461,10,413
461,11,957
461,12,1765
461,17,3518
461,20,23287
461,22,29655
461,23,12141
461,26,9770
462,1,29186
462,2,3712
462,4,26510
462,5,3528
462,6,3846
462,8,12452
462,10,862
462,11,1138
462,12,2292
462,17,3512
462,20,23411
462,22,29866
462,23,12168
462,26,9780
463,1,29118
463,2,4228
463,4,26559
463,5,2437
463,6,2311
463,8,12516
463,10,230
463,11,241
463,12,1992
463,17,2437
463,20,23169
463,22,29558
463,23,12190
463,26,9959
464,1,29238
464,2,3520
464,4,26517
464,5,3647
464,6,3265
464,8,12458
464,10,941
464,11,464
464,12,2495
464,17,3866
464,20,23134
464,22,29682
464,23,12278
464,26,9785
465,1,29260
465,2,3208
465,4,26362
465,5,2773
465,6,4254
465,8,12420
465,10,865
465,11,596
465,12,1882
465,17,3424
465,20,23313
465,22,29852
465,23,12400
465,26,9951
466,1,29301
466,2,3694
466,4,26414
466,5,3851
466,6,3481
466,8,12133
466,10,353
466,11,877
466,12,2446
466,17,3635
466,20,23578
466,22,29795
466,23,12420
466,26,10121
467,1,29133
467,2,3249
467,4,26411
467,5,3588
467,6,2946
467,8,12676
467,10,112
467,11,8
467,12,1437
467,17,3941
467,20,23186
467,22,29772
467,23,12331
467,26,10054
468,1,29301
468,2,3022
468,4,26431
468,5,3207
468,6,4435
468,8,12395
468,10,664
468,11,916
468,12,1954
468,17,3212
468,20,23359
468,22,29762
468,23,12173
468,26,9691
469,1,29254
469,2,3510
469,4,26669
469,5,4023
469,6,3499
469,8,12425
469,10,407
469,11,427
469,12,2381
469,17,3433
469,20,23229
469,22,29905
469,23,12402
469,26,9836
470,1,29220
470,2,3507
470,4,26555
470,5,4034
470,6,3056
470,8,12240
470,10,1053
470,11,608
470,12,1399
470,17,3400
470,20,23146
470,22,29787
470,23,12450
470,26,9946
471,1,29219
471,2,3925
471,4,26488
471,5,3625
471,6,3213
471,8,12409
471,10,559
471,11,765
471,12,2233
471,17,3406
471,20,23273
471,22,29746
471,23,12334
471,26,10030
472,1,29102
472,2,4212
472,4,26634
472,5,3344
472,6,3084
472,8,12389
472,10,529
472,11,600
472,12,2105
472,17,3027
472,20,23123
472,22,29797
472,23,11976
472,26,10228
473,1,29139
473,2,3162
473,4,26325
473,5,4202
473,6,3100
473,8,12493
473,10,270
473,11,203
473,12,1719
473,17,3380
473,20,23208
473,22,29913
473,23,12203
473,26,9792
474,1,29409
474,2,3474
474,4,26485
474,5,3970
474,6,3303
474,8,12509
474,10,350
474,11,141
474,12,2369
474,17,3592
474,20,23347
474,22,29667
474,23,12307
474,26,9736
475,1,29180
475,2,3631
475,4,26447
475,5,3843
475,6,3690
475,8,12359
475,10,376
475,11,186
475,12,1626
475,17,3704
475,20,23419
475,22,29809
475,23,12200
475,26,9795
476,1,29138
476,2,3556
476,4,26580
476,5,3254
476,6,3263
476,8,12369
476,10,260
476,11,387
476,12,1939
476,17,3958
476,20,23430
476,22,29854
476,23,11924
476,26,9512
477,1,29137
477,2,3731
477,4,26391
477,5,3387
477,6,3509
477,8,12667
477,10,288
477,11,1072
477,12,2480
477,17,3813
477,20,23480
477,22,29855
477,23,12047
477,26,9976
478,1,29310
478,2,3391
478,4,26616
478,5,3237
478,6,3237
478,8,12749
478,10,273
478,11,703
478,12,2052
478,17,3237
478,20,23463
478,22,29692
478,23,12201
478,26,10141
479,1,29101
479,2,4038
479,4,26275
479,5,3500
479,6,3230
479,8,12482
479,10,928
479,11,796
479,12,2029
479,17,3398
479,20,23380
479,22,29681
479,23,12141
479,26,9812
480,1,29134
480,2,4149
480,4,26475
480,5,1990
480,6,1990
480,8,12616
480,10,192
480,11,535
480,12,1990
480,17,1990
480,20,23275
480,22,29817
480,23,12173
480,26,9819
481,1,29315
481,2,3703
481,4,26593
481,5,3351
481,6,3513
481,8,12470
481,10,177
481,11,1058
481,12,1728
481,17,3833
481,20,23210
481,22,29894
481,23,12118
481,26,9741
482,1,29294
482,2,3423
482,4,26489
482,5,3618
482,6,3908
482,8,12427
482,10,3660
482,11,753
482,12,1796
482,17,200
482,20,23136
482,22,29730
482,23,12332
482,26,9847
483,1,29246
483,2,3369
483,4,26563
483,5,3433
483,6,2422
483,8,12443
483,10,237
483,11,195
483,12,2076
483,17,4074
483,20,23329
483,23,12277
483,26,9721
484,1,29198
484,2,3770
484,4,26491
484,5,3553
484,6,3189
484,8,12420
484,10,381
484,11,1067
484,12,1929
484,17,3777
484,20,23380
484,22,29705
484,23,12309
484,26,9895
485,1,29292
485,2,77
485,4,26457
485,5,4183
485,6,2570
485,8,12644
485,10,3403
485,11,270
485,12,2006
485,17,3419
485,20,23341
485,22,29785
485,23,12087
485,26,10082
486,1,29075
486,2,3802
486,4,26416
486,5,3740
486,6,3457
486,8,12688
486,10,319
486,11,777
486,12,2200
486,17,3728
486,20,23288
486,22,29899
486,23,12250
486,26,9801
487,1,29216
487,2,120
487,4,26477
487,5,3201
487,6,3902
487,8,12344
487,10,271
487,11,3324
487,12,1744
487,17,3251
487,20,23175
487,22,29622
487,23,12127
487,26,9308
488,1,29090
488,2,3800
488,4,26507
488,5,3740
488,6,3624
488,8,12229
488,10,800
488,11,1150
488,12,2243
488,17,3530
488,20,23315
488,22,29753
488,23,12258
488,26,9487
489,1,29339
489,2,3689
489,4,26584
489,5,3754
489,6,3790
489,8,12463
489,10,423
489,11,734
489,12,1920
489,17,3527
489,20,23324
489,22,29830
489,23,12206
489,26,9943
490,1,29182
490,2,2988
490,4,26279
490,5,3943
490,6,2946
490,8,12220
490,10,347
490,11,535
490,12,1894
490,17,3604
490,20,23255
490,22,29727
490,23,12211
490,26,9830
491,1,29146
491,2,3899
491,4,26382
491,5,3499
491,6,3101
491,8,12334
491,10,399
491,11,588
491,12,2257
491,17,3668
491,20,23320
491,22,29836
491,23,12498
491,26,9578
492,1,29300
492,2,3946
492,4,26587
492,5,3621
492,6,3113
492,8,12702
492,10,3633
492,11,353
492,12,1849
492,17,89
492,20,23387
492,22,29849
492,23,12309
492,26,9735
493,1,29281
493,2,3591
493,4,26537
493,5,3942
493,6,3363
493,8,12401
493,10,378
493,11,902
493,12,2450
493,17,3612
493,20,23224
493,22,29723
493,23,12049
493,26,9506
494,1,29227
494,2,3476
494,4,26538
494,5,3174
494,6,3070
494,8,12506
494,10,68
494,11,559
494,12,1904
494,17,3174
494,20,23319
494,22,29775
494,23,12143
494,26,9795
495,1,29177
495,2,3457
495,4,26416
495,5,3627
495,6,3930
495,8,12500
495,10,863
495,11,3634
495,12,2272
495,17,515
495,20,23262
495,22,29726
495,23,12164
495,26,9800
496,1,29228
496,2,3899
496,4,26506
496,5,3135
496,6,2919
496,8,12499
496,10,354
496,11,759
496,12,1705
496,17,3662
496,20,23003
496,22,29750
496,23,12219
496,26,9621
497,1,29280
497,2,3647
497,4,26410
497,5,3900
497,6,2929
497,8,12743
497,10,342
497,11,1623
497,12,2486
497,17,3294
497,20,23194
497,22,29763
497,23,12350
497,26,9839
498,1,29086
498,2,1438
498,4,26399
498,5,3552
498,6,1438
498,8,12030
498,10,112
498,11,577
498,12,1438
498,17,1438
498,20,23379
498,22,29677
498,23,11961
498,26,9801
499,1,29143
499,2,3180
499,4,26394
499,5,4193
499,6,3280
499,8,12376
499,10,311
499,11,966
499,12,1755
499,17,3271
499,20,23270
499,22,29684
499,23,12189
499,26,9731
500,1,29352
500,2,3563
500,4,26571
500,5,3401
500,6,4012
500,8,12800
500,10,588
500,11,1056
500,12,2229
500,17,3553
500,20,23359
500,22,29873
500,23,12273
500,26,9890
