samples,diff
1,0.006
2,0.0064
3,0.0136
4,0.0196
5,0.0248
6,0.0272
7,0.0304
8,0.034
9,0.0344
10,0.0364
11,0.0396
12,0.0412
13,0.0424
14,0.0416
15,0.0428
16,0.0444
17,0.048
18,0.0524
19,0.0548
20,0.0568
21,0.0592
22,0.0624
23,0.0624
24,0.064
25,0.0672
26,0.0732
27,0.0748
28,0.078
29,0.0808
30,0.0812
31,0.0816
32,0.0836
33,0.088
34,0.088
35,0.0888
36,0.0896
37,0.0952
38,0.0952
39,0.0976
40,0.0992
41,0.1044
42,0.1068
43,0.1088
44,0.1112
45,0.1156
46,0.1172
47,0.1192
48,0.1232
49,0.1264
50,0.1272
51,0.1296
52,0.1328
53,0.1356
54,0.1376
55,0.138
56,0.1392
57,0.1408
58,0.1444
59,0.1468
60,0.148
61,0.1508
62,0.1516
63,0.1532
64,0.1548
65,0.1592
66,0.1604
67,0.1624
68,0.162
69,0.1644
70,0.168
71,0.1684
72,0.1716
73,0.1732
74,0.176
75,0.1772
76,0.1812
77,0.184
78,0.1864
79,0.1888
80,0.1892
81,0.1908
82,0.194
83,0.1952
84,0.1996
85,0.2
86,0.2028
87,0.2048
88,0.206
89,0.2084
90,0.2096
91,0.2116
92,0.2136
93,0.2152
94,0.2156
95,0.2196
96,0.2212
97,0.222
98,0.2228
99,0.2264
100,0.2272
101,0.2304
102,0.2304
103,0.234
104,0.2348
105,0.238
106,0.2396
107,0.2408
108,0.2436
109,0.2468
110,0.2484
111,0.2504
112,0.2508
113,0.2512
114,0.2568
115,0.2576
116,0.2596
117,0.2612
118,0.2624
119,0.2652
120,0.2672
121,0.2692
122,0.2712
123,0.2736
124,0.2736
125,0.28
126,0.2844
127,0.2872
128,0.2884
129,0.292
130,0.2944
131,0.298
132,0.3004
133,0.3024
134,0.3032
135,0.3048
136,0.3064
137,0.3076
138,0.3112
139,0.3152
140,0.3176
141,0.32
142,0.3208
143,0.322
144,0.3252
145,0.326
146,0.3268
147,0.3312
148,0.3348
149,0.336
150,0.3412
151,0.3436
152,0.3452
153,0.348
154,0.3548
155,0.3572
156,0.3596
157,0.3628
158,0.3648
159,0.3668
160,0.3688
161,0.3692
162,0.3708
163,0.3724
164,0.3784
165,0.38
166,0.3812
167,0.3852
168,0.3876
169,0.3904
170,0.3956
171,0.3956
172,0.3992
173,0.4012
174,0.4004
175,0.4032
176,0.404
177,0.408
178,0.4108
179,0.4132
180,0.414
181,0.4144
182,0.4184
183,0.4232
184,0.426
185,0.4276
186,0.4312
187,0.4344
188,0.436
189,0.438
190,0.4392
191,0.446
192,0.4504
193,0.4532
194,0.456
195,0.46
196,0.4656
197,0.4684
198,0.4696
199,0.4716
200,0.4752
201,0.4728
202,0.4776
203,0.4804
204,0.4828
205,0.4856
206,0.4888
207,0.4908
208,0.4956
209,0.4988
210,0.5012
211,0.5044
212,0.5076
213,0.5116
214,0.5112
215,0.5152
216,0.5192
217,0.5196
218,0.5228
219,0.522
220,0.528
221,0.5292
222,0.5336
223,0.5392
224,0.5404
225,0.5452
226,0.5432
227,0.5436
228,0.548
229,0.5568
230,0.558
231,0.5612
232,0.5632
233,0.5672
234,0.5752
235,0.578
236,0.5796
237,0.5816
238,0.5888
239,0.5908
240,0.592
241,0.5944
242,0.5944
243,0.5968
244,0.598
245,0.5996
246,0.6
247,0.6052
248,0.6104
249,0.6092
250,0.6132
251,0.614
252,0.6204
253,0.628
254,0.6316
255,0.6348
256,0.6372
257,0.6384
258,0.65
259,0.654
260,0.6688
261,0.6704
262,0.6752
263,0.6792
264,0.688
265,0.6916
266,0.6896
267,0.6944
268,0.6976
269,0.6988
270,0.7032
271,0.7024
272,0.704
273,0.7096
274,0.7108
275,0.7128
276,0.7164
277,0.7196
278,0.7212
279,0.7224
280,0.7272
281,0.7308
282,0.7368
283,0.7388
284,0.7476
285,0.7484
286,0.7524
287,0.76
288,0.7656
289,0.7684
290,0.7744
291,0.7784
292,0.7824
293,0.7892
294,0.792
295,0.8044
296,0.8128
297,0.8212
298,0.8244
299,0.8304
300,0.836
301,0.8416
302,0.8452
303,0.8512
304,0.8556
305,0.8596
306,0.8636
307,0.8668
308,0.872
309,0.8768
310,0.8784
311,0.8884
312,0.8928
313,0.896
314,0.8992
315,0.9048
316,0.9052
317,0.9068
318,0.9096
319,0.918
320,0.9248
321,0.9312
322,0.9396
323,0.9432
324,0.944
325,0.9484
326,0.956
327,0.962
328,0.9628
329,0.9636
330,0.97
331,0.9752
332,0.98
333,0.9856
334,1.0016
335,1.008
336,1.0232
337,1.0356
338,1.0412
339,1.0424
340,1.0448
341,1.0448
342,1.048
343,1.0572
344,1.0668
345,1.0772
346,1.0816
347,1.0876
348,1.0944
349,1.0992
350,1.1
351,1.104
352,1.1052
353,1.1136
354,1.1164
355,1.1168
356,1.1172
357,1.1296
358,1.1312
359,1.136
360,1.1404
361,1.1436
362,1.1476
363,1.1524
364,1.1568
365,1.1648
366,1.1692
367,1.1792
368,1.1876
369,1.1944
370,1.2016
371,1.21
372,1.2136
373,1.2248
374,1.2416
375,1.25
376,1.2532
377,1.2636
378,1.2704
379,1.2788
380,1.286
381,1.2988
382,1.3036
383,1.3076
384,1.312
385,1.324
386,1.3232
387,1.3264
388,1.3384
389,1.3472
390,1.3488
391,1.3604
392,1.3644
393,1.3736
394,1.382
395,1.3868
396,1.3904
397,1.3992
398,1.408
399,1.4172
400,1.4192
401,1.422
402,1.4296
403,1.4404
404,1.4488
405,1.4652
406,1.4728
407,1.4816
408,1.4824
409,1.4848
410,1.4936
411,1.4992
412,1.5068
413,1.5228
414,1.5376
415,1.5448
416,1.5564
417,1.5616
418,1.564
419,1.5728
420,1.5748
421,1.5792
422,1.5824
423,1.59
424,1.6064
425,1.6132
426,1.6164
427,1.6172
428,1.6264
429,1.64
430,1.6524
431,1.666
432,1.6672
433,1.6752
434,1.6808
435,1.6884
436,1.6912
437,1.702
438,1.714
439,1.7184
440,1.7292
441,1.7364
442,1.7396
443,1.7428
444,1.752
445,1.7624
446,1.772
447,1.7804
448,1.7912
449,1.7944
450,1.8184
451,1.824
452,1.8316
453,1.8412
454,1.8468
455,1.8464
456,1.8576
457,1.8632
458,1.8752
459,1.8788
460,1.8856
461,1.89
462,1.8992
463,1.904
464,1.9188
465,1.9312
466,1.9344
467,1.948
468,1.962
469,1.9736
470,1.9776
471,1.9792
472,1.986
473,2.0052
474,2.016
475,2.0192
476,2.0276
477,2.0384
478,2.0424
479,2.0476
480,2.0652
481,2.078
482,2.0868
483,2.0948
484,2.0988
485,2.1048
486,2.1092
487,2.1208
488,2.1312
489,2.1432
490,2.1532
491,2.1584
492,2.17
493,2.184
494,2.1888
495,2.1984
496,2.2076
497,2.2156
498,2.224
499,2.226
500,2.23
501,2.2368
502,2.2508
503,2.254
504,2.2644
505,2.2776
506,2.2816
507,2.2976
508,2.3024
509,2.3132
510,2.322
511,2.3348
512,2.3396
513,2.3468
514,2.3492
515,2.3516
516,2.356
517,2.3648
518,2.3724
519,2.3768
520,2.382
521,2.3976
522,2.4024
523,2.4148
524,2.4188
525,2.4352
526,2.4432
527,2.4544
528,2.458
529,2.462
530,2.464
531,2.466
532,2.4684
533,2.48
534,2.482
535,2.4928
536,2.502
537,2.5096
538,2.5144
539,2.5196
540,2.53
541,2.5336
542,2.5416
543,2.5424
544,2.544
545,2.5516
546,2.5592
547,2.5644
548,2.5628
549,2.5756
550,2.5784
551,2.5812
552,2.582
553,2.5816
554,2.5828
555,2.5872
556,2.59
557,2.5988
558,2.5992
559,2.604
560,2.6132
561,2.6152
562,2.6192
563,2.6232
564,2.6316
565,2.6352
566,2.6392
567,2.6452
568,2.6476
569,2.6572
570,2.6608
571,2.6696
572,2.6748
573,2.6748
574,2.6784
575,2.68
576,2.6832
577,2.6856
578,2.688
579,2.692
580,2.692
581,2.7032
582,2.7164
583,2.7212
584,2.724
585,2.7252
586,2.7276
587,2.7288
588,2.7288
589,2.7348
590,2.7416
591,2.7456
592,2.7532
593,2.7532
594,2.754
595,2.7556
596,2.7556
597,2.7564
598,2.758
599,2.7584
600,2.7604
601,2.7628
602,2.764
603,2.7684
604,2.77
605,2.772
606,2.7724
607,2.772
608,2.774
609,2.778
610,2.7776
611,2.7792
612,2.7828
613,2.784
614,2.7844
615,2.7848
616,2.7872
617,2.788
618,2.7884
619,2.7908
620,2.7912
621,2.7984
622,2.7992
623,2.7992
624,2.8012
625,2.8056
626,2.8072
627,2.808
628,2.8124
629,2.8184
630,2.8228
631,2.8244
632,2.824
633,2.8252
634,2.8292
635,2.83
636,2.8308
637,2.83
638,2.8312
639,2.8324
640,2.8336
641,2.8364
642,2.836
643,2.8372
644,2.838
645,2.8396
646,2.842
647,2.8424
648,2.8416
649,2.8432
650,2.8452
651,2.848
652,2.8516
653,2.852
654,2.8524
655,2.854
656,2.854
657,2.8548
658,2.8548
659,2.8584
660,2.858
661,2.858
662,2.86
663,2.8644
664,2.8656
665,2.8664
666,2.8668
667,2.8676
668,2.8676
669,2.8712
670,2.872
671,2.8724
672,2.874
673,2.8784
674,2.8776
675,2.8784
676,2.8788
677,2.8788
678,2.8784
679,2.8796
680,2.88
681,2.8808
682,2.8824
683,2.882
684,2.8828
685,2.8824
686,2.8836
687,2.8884
688,2.8928
689,2.892
690,2.894
691,2.8948
692,2.8964
693,2.8964
694,2.9012
695,2.902
696,2.9048
697,2.9052
698,2.9052
699,2.9108
700,2.9108
701,2.912
702,2.912
703,2.9136
704,2.9184
705,2.92
706,2.9192
707,2.9204
708,2.922
709,2.9216
710,2.9208
711,2.9216
712,2.9212
713,2.9224
714,2.924
715,2.9276
716,2.928
717,2.9276
718,2.9284
719,2.9288
720,2.9308
721,2.9316
722,2.932
723,2.9328
724,2.9324
725,2.9332
726,2.936
727,2.9356
728,2.936
729,2.9368
730,2.9376
731,2.9372
732,2.9372
733,2.9396
734,2.9408
735,2.9412
736,2.9428
737,2.9432
738,2.9436
739,2.9456
740,2.9452
741,2.946
742,2.9464
743,2.9464
744,2.948
745,2.9488
746,2.9492
747,2.95
748,2.9496
749,2.9504
750,2.9516
751,2.952
752,2.9532
753,2.9536
754,2.954
755,2.954
756,2.954
757,2.9548
758,2.9588
759,2.9596
760,2.96
761,2.96
762,2.962
763,2.9632
764,2.962
765,2.9628
766,2.9636
767,2.964
768,2.9644
769,2.964
770,2.9648
771,2.9656
772,2.964
773,2.9664
774,2.9676
775,2.968
776,2.9684
777,2.9704
778,2.9708
779,2.9708
780,2.97
781,2.9716
782,2.9724
783,2.972
784,2.9728
785,2.9728
786,2.9732
787,2.9736
788,2.9744
789,2.9764
790,2.9772
791,2.9772
792,2.9776
793,2.9792
794,2.978
795,2.9788
796,2.9792
797,2.98
798,2.9792
799,2.9812
800,2.9824
801,2.9828
802,2.9832
803,2.9856
804,2.988
805,2.9884
806,2.9884
807,2.9892
808,2.9892
809,2.9888
810,2.9916
811,2.992
812,2.9928
813,2.994
814,2.9936
815,2.9936
816,2.9936
817,2.9948
818,2.9952
819,2.996
820,2.9964
821,2.9968
822,2.9964
823,2.9988
824,2.9988
825,2.9996
826,2.9996
827,3.0
828,3.0
829,3.0008
830,3.0032
831,3.0036
832,3.004
833,3.0052
834,3.0056
835,3.0048
836,3.0052
837,3.0052
838,3.006
839,3.0064
840,3.0084
841,3.0092
842,3.0096
843,3.0112
844,3.012
845,3.0156
846,3.0184
847,3.0176
848,3.0188
849,3.0212
850,3.0216
851,3.0228
852,3.024
853,3.0248
854,3.0268
855,3.0272
856,3.0268
857,3.0268
858,3.028
859,3.0288
860,3.0304
861,3.0296
862,3.03
863,3.0364
864,3.0372
865,3.0372
866,3.038
867,3.0384
868,3.0392
869,3.0384
870,3.04
871,3.0424
872,3.0424
873,3.044
874,3.0488
875,3.054
876,3.054
877,3.056
878,3.0572
879,3.0572
880,3.0576
881,3.0592
882,3.0592
883,3.0596
884,3.0604
885,3.0616
886,3.0652
887,3.0644
888,3.0672
889,3.0676
890,3.0684
891,3.0692
892,3.0688
893,3.0688
894,3.0708
895,3.0736
896,3.0744
897,3.0752
898,3.0756
899,3.0764
900,3.0776
901,3.0784
902,3.0872
903,3.0904
904,3.092
905,3.0932
906,3.0936
907,3.0944
908,3.0944
909,3.096
910,3.098
911,3.1016
912,3.1052
913,3.1076
914,3.1076
915,3.1076
916,3.1092
917,3.1092
918,3.1136
919,3.1204
920,3.1212
921,3.1212
922,3.1228
923,3.126
924,3.1244
925,3.128
926,3.1276
927,3.1312
928,3.1324
929,3.1332
930,3.1348
931,3.1356
932,3.1364
933,3.1368
934,3.138
935,3.1392
936,3.14
937,3.1416
938,3.1432
939,3.144
940,3.1516
941,3.1524
942,3.1564
943,3.1572
944,3.162
945,3.1664
946,3.1676
947,3.1712
948,3.1724
949,3.1748
950,3.1832
951,3.1864
952,3.1912
953,3.1984
954,3.1996
955,3.2004
956,3.2124
957,3.2132
958,3.2196
959,3.2212
960,3.2244
961,3.2248
962,3.2256
963,3.2332
964,3.2332
965,3.2372
966,3.2372
967,3.2416
968,3.2504
969,3.252
970,3.2572
971,3.2584
972,3.2632
973,3.2692
974,3.2708
975,3.2848
976,3.2904
977,3.2956
978,3.2976
979,3.3044
980,3.3132
981,3.3136
982,3.318
983,3.3204
984,3.3276
985,3.3316
986,3.3336
987,3.34
988,3.3464
989,3.3472
990,3.3548
991,3.3572
992,3.3576
993,3.3656
994,3.3728
995,3.3832
996,3.3896
997,3.3932
998,3.3988
999,3.404
1000,3.4052
1001,3.4156
1002,3.4184
1003,3.422
1004,3.4244
1005,3.4304
1006,3.4344
1007,3.4404
1008,3.4552
1009,3.4604
1010,3.4648
1011,3.4844
1012,3.4868
1013,3.4896
1014,3.5112
1015,3.5224
1016,3.5224
1017,3.5312
1018,3.5464
1019,3.5504
1020,3.554
1021,3.5548
1022,3.5676
1023,3.5748
1024,3.5872
1025,3.5988
1026,3.5996
1027,3.6052
1028,3.614
1029,3.6168
1030,3.6288
1031,3.6336
1032,3.6412
1033,3.6496
1034,3.6572
1035,3.666
1036,3.678
1037,3.68
1038,3.688
1039,3.7008
1040,3.7072
1041,3.708
1042,3.7104
1043,3.7208
1044,3.7248
1045,3.7264
1046,3.736
1047,3.7448
1048,3.7536
1049,3.7624
1050,3.7668
1051,3.7784
1052,3.7916
1053,3.8016
1054,3.814
1055,3.8208
1056,3.8292
1057,3.8316
1058,3.844
1059,3.8596
1060,3.8752
1061,3.886
1062,3.8936
1063,3.9024
1064,3.9176
1065,3.9356
1066,3.9376
1067,3.948
1068,3.958
1069,3.9584
1070,3.9672
1071,3.9728
1072,3.9876
1073,3.9924
1074,4.0076
1075,4.034
1076,4.042
1077,4.0516
1078,4.0588
1079,4.0628
1080,4.0752
1081,4.094
1082,4.1036
1083,4.1192
1084,4.126
1085,4.1384
1086,4.14
1087,4.15
1088,4.1516
1089,4.1628
1090,4.174
1091,4.1804
1092,4.1996
1093,4.2192
1094,4.2428
1095,4.2436
1096,4.246
1097,4.2556
1098,4.2716
1099,4.276
1100,4.28
1101,4.2904
1102,4.3
1103,4.314
1104,4.3256
1105,4.3376
1106,4.3448
1107,4.3528
1108,4.3548
1109,4.3616
1110,4.3776
1111,4.392
1112,4.394
1113,4.4152
1114,4.4296
1115,4.4316
1116,4.4432
1117,4.454
1118,4.4616
1119,4.466
1120,4.4812
1121,4.4944
1122,4.496
1123,4.4984
1124,4.5028
1125,4.5176
1126,4.5292
1127,4.5336
1128,4.5448
1129,4.5492
1130,4.5664
1131,4.572
1132,4.5844
1133,4.5884
1134,4.6064
1135,4.6088
1136,4.6208
1137,4.626
1138,4.64
1139,4.6448
1140,4.6592
1141,4.6688
1142,4.6788
1143,4.6804
1144,4.6932
1145,4.7056
1146,4.7204
1147,4.726
1148,4.7324
1149,4.7356
1150,4.7548
1151,4.7656
1152,4.7772
1153,4.7792
1154,4.7904
1155,4.8012
1156,4.8092
1157,4.8212
1158,4.8272
1159,4.8404
1160,4.8444
1161,4.8544
1162,4.8632
1163,4.8796
1164,4.8884
1165,4.8948
1166,4.9076
1167,4.9236
1168,4.932
1169,4.942
1170,4.956
1171,4.9684
1172,4.9788
1173,4.9816
1174,4.9864
1175,4.996
1176,5.0012
1177,5.0136
1178,5.0224
1179,5.0236
1180,5.0296
1181,5.042
1182,5.048
1183,5.0544
1184,5.0612
1185,5.0712
1186,5.082
1187,5.0888
1188,5.0944
1189,5.102
1190,5.108
1191,5.1172
1192,5.1308
1193,5.134
1194,5.1424
1195,5.1492
1196,5.162
1197,5.168
1198,5.1768
1199,5.184
1200,5.1872
1201,5.194
1202,5.198
1203,5.2012
1204,5.206
1205,5.2112
1206,5.218
1207,5.2212
1208,5.2256
1209,5.2344
1210,5.2356
1211,5.2432
1212,5.2488
1213,5.252
1214,5.2544
1215,5.256
1216,5.2596
1217,5.2668
1218,5.2692
1219,5.2768
1220,5.2792
1221,5.2852
1222,5.2876
1223,5.2904
1224,5.2928
1225,5.2952
1226,5.2968
1227,5.2992
1228,5.3164
1229,5.3204
1230,5.3252
1231,5.328
1232,5.334
1233,5.3368
1234,5.342
1235,5.3444
1236,5.3524
1237,5.36
1238,5.364
1239,5.3672
1240,5.372
1241,5.3732
1242,5.3824
1243,5.3908
1244,5.3976
1245,5.4036
1246,5.4052
1247,5.4072
1248,5.4104
1249,5.4156
1250,5.4268
1251,5.4296
1252,5.43
1253,5.4336
1254,5.436
1255,5.4388
1256,5.4404
1257,5.444
1258,5.4468
1259,5.45
1260,5.4576
1261,5.4668
1262,5.4696
1263,5.4732
1264,5.4768
1265,5.478
1266,5.4796
1267,5.4816
1268,5.4848
1269,5.4892
1270,5.4928
1271,5.4964
1272,5.4984
1273,5.5012
1274,5.5036
1275,5.5076
1276,5.5092
1277,5.5112
1278,5.514
1279,5.5164
1280,5.5188
1281,5.5236
1282,5.5244
1283,5.5256
1284,5.5288
1285,5.5304
1286,5.5328
1287,5.5404
1288,5.5432
1289,5.5448
1290,5.548
1291,5.55
1292,5.5512
1293,5.5556
1294,5.5624
1295,5.566
1296,5.568
1297,5.5696
1298,5.5712
1299,5.5748
1300,5.5772
1301,5.5796
1302,5.5828
1303,5.5836
1304,5.5852
1305,5.5884
1306,5.5924
1307,5.5936
1308,5.6024
1309,5.602
1310,5.604
1311,5.6048
1312,5.6072
1313,5.6076
1314,5.6088
1315,5.6104
1316,5.6132
1317,5.6176
1318,5.62
1319,5.6224
1320,5.6228
1321,5.6268
1322,5.6292
1323,5.6312
1324,5.6316
1325,5.6376
1326,5.6392
1327,5.6416
1328,5.6444
1329,5.6472
1330,5.6496
1331,5.654
1332,5.6584
1333,5.6604
1334,5.662
1335,5.662
1336,5.6656
1337,5.6664
1338,5.6664
1339,5.6684
1340,5.6704
1341,5.6732
1342,5.6752
1343,5.6772
1344,5.678
1345,5.6792
1346,5.68
1347,5.682
1348,5.6836
1349,5.6844
1350,5.6856
1351,5.6876
1352,5.69
1353,5.6932
1354,5.6944
1355,5.6992
1356,5.7008
1357,5.7048
1358,5.7052
1359,5.7072
1360,5.7092
1361,5.7124
1362,5.7132
1363,5.7168
1364,5.7196
1365,5.7232
1366,5.7252
1367,5.7264
1368,5.7288
1369,5.732
1370,5.7332
1371,5.7336
1372,5.7364
1373,5.7376
1374,5.7384
1375,5.7396
1376,5.7404
1377,5.742
1378,5.7428
1379,5.7448
1380,5.746
1381,5.7468
1382,5.75
1383,5.7516
1384,5.7532
1385,5.7572
1386,5.7588
1387,5.7616
1388,5.7632
1389,5.7664
1390,5.7668
1391,5.7692
1392,5.77
1393,5.7716
1394,5.7748
1395,5.776
1396,5.7784
1397,5.7808
1398,5.7832
1399,5.7844
1400,5.7864
1401,5.7872
1402,5.79
1403,5.7912
1404,5.7936
1405,5.7948
1406,5.7968
1407,5.798
1408,5.7992
1409,5.8012
1410,5.8028
1411,5.8048
1412,5.8072
1413,5.8088
1414,5.8096
1415,5.8112
1416,5.814
1417,5.8176
1418,5.8208
1419,5.8224
1420,5.8252
1421,5.826
1422,5.8276
1423,5.8288
1424,5.8316
1425,5.8336
1426,5.836
1427,5.8392
1428,5.8404
1429,5.8424
1430,5.844
1431,5.8456
1432,5.8468
1433,5.8512
1434,5.8516
1435,5.8532
1436,5.8544
1437,5.8564
1438,5.8576
1439,5.86
1440,5.8624
1441,5.8648
1442,5.8656
1443,5.8692
1444,5.8716
1445,5.872
1446,5.8736
1447,5.8748
1448,5.8764
1449,5.8796
1450,5.8812
1451,5.8824
1452,5.884
1453,5.8852
1454,5.8872
1455,5.8876
1456,5.8888
1457,5.8912
1458,5.892
1459,5.8932
1460,5.8964
1461,5.8964
1462,5.8972
1463,5.8984
1464,5.8992
1465,5.902
1466,5.9044
1467,5.9052
1468,5.906
1469,5.9088
1470,5.9104
1471,5.9124
1472,5.9144
1473,5.916
1474,5.9176
1475,5.9184
1476,5.9184
1477,5.9204
1478,5.9228
1479,5.9248
1480,5.9252
1481,5.9268
1482,5.9268
1483,5.9284
1484,5.9288
1485,5.9292
1486,5.9296
1487,5.9308
1488,5.9324
1489,5.9348
1490,5.9368
1491,5.9368
1492,5.9376
1493,5.9396
1494,5.9396
1495,5.9404
1496,5.942
1497,5.9444
1498,5.9456
1499,5.948
1500,5.9496
1501,5.9492
1502,5.9508
1503,5.9524
1504,5.9532
1505,5.9552
1506,5.9572
1507,5.9576
1508,5.9584
1509,5.9604
1510,5.9624
1511,5.9636
1512,5.964
1513,5.9652
1514,5.9668
1515,5.9684
1516,5.9692
1517,5.9704
1518,5.9724
1519,5.974
1520,5.9772
1521,5.978
1522,5.98
1523,5.9804
1524,5.982
1525,5.9824
1526,5.9844
1527,5.9872
1528,5.9884
1529,5.9908
1530,5.9932
1531,5.9948
1532,5.9972
1533,5.9984
1534,6.0004
1535,6.0024
1536,6.004
1537,6.0052
1538,6.006
1539,6.0072
1540,6.0088
1541,6.01
1542,6.0124
1543,6.0136
1544,6.016
1545,6.0176
1546,6.0196
1547,6.0212
1548,6.024
1549,6.0252
1550,6.0268
1551,6.0264
1552,6.0296
1553,6.0308
1554,6.0324
1555,6.0344
1556,6.0348
1557,6.0368
1558,6.0384
1559,6.0396
1560,6.04
1561,6.0424
1562,6.0436
1563,6.0456
1564,6.048
1565,6.0508
1566,6.0532
1567,6.054
1568,6.054
1569,6.056
1570,6.0576
1571,6.0596
1572,6.0604
1573,6.0612
1574,6.0624
1575,6.0628
1576,6.0648
1577,6.0644
1578,6.0672
1579,6.0692
1580,6.0696
1581,6.0692
1582,6.0704
1583,6.072
1584,6.074
1585,6.074
1586,6.0772
1587,6.0776
1588,6.08
1589,6.0804
1590,6.0824
1591,6.0824
1592,6.084
1593,6.0844
1594,6.0868
1595,6.0884
1596,6.09
1597,6.09
1598,6.0912
1599,6.0928
1600,6.0944
1601,6.0948
1602,6.0948
1603,6.0952
1604,6.0972
1605,6.0964
1606,6.0988
1607,6.1
1608,6.1016
1609,6.1024
1610,6.104
1611,6.1044
1612,6.106
1613,6.1068
1614,6.1076
1615,6.1072
1616,6.1108
1617,6.1116
1618,6.112
1619,6.1132
1620,6.1144
1621,6.1152
1622,6.1164
1623,6.1172
1624,6.1172
1625,6.12
1626,6.1212
1627,6.1224
1628,6.1228
1629,6.124
1630,6.1248
1631,6.1252
1632,6.126
1633,6.1264
1634,6.1268
1635,6.1276
1636,6.128
1637,6.1292
1638,6.1292
1639,6.1304
1640,6.1324
1641,6.134
1642,6.1344
1643,6.136
1644,6.1356
1645,6.1368
1646,6.1368
1647,6.1376
1648,6.1384
1649,6.1388
1650,6.1408
1651,6.1416
1652,6.1424
1653,6.144
1654,6.1448
1655,6.1448
1656,6.1472
1657,6.1476
1658,6.1484
1659,6.15
1660,6.1504
1661,6.1512
1662,6.152
1663,6.1532
1664,6.1536
1665,6.1548
1666,6.1552
1667,6.156
1668,6.1564
1669,6.1576
1670,6.1576
1671,6.1576
1672,6.158
1673,6.1588
1674,6.1584
1675,6.1592
1676,6.1588
1677,6.1592
1678,6.1608
1679,6.1604
1680,6.162
1681,6.1628
1682,6.1624
1683,6.1632
1684,6.1644
1685,6.164
1686,6.1648
1687,6.1648
1688,6.1652
1689,6.166
1690,6.1664
1691,6.1672
1692,6.1676
1693,6.168
1694,6.1688
1695,6.1692
1696,6.17
1697,6.1708
1698,6.1712
1699,6.172
1700,6.172
1701,6.1732
1702,6.1748
1703,6.1752
1704,6.1744
1705,6.1748
1706,6.1744
1707,6.1748
1708,6.1756
1709,6.176
1710,6.1764
1711,6.176
1712,6.1764
1713,6.1768
1714,6.1768
1715,6.1776
1716,6.1784
1717,6.1792
1718,6.1792
1719,6.1796
1720,6.1788
1721,6.18
1722,6.1792
1723,6.1792
1724,6.1796
1725,6.1796
1726,6.1808
1727,6.18
1728,6.1808
1729,6.1812
1730,6.1812
1731,6.1812
1732,6.1816
1733,6.182
1734,6.1824
1735,6.1828
1736,6.1836
1737,6.1844
1738,6.184
1739,6.184
1740,6.1852
1741,6.1848
1742,6.186
1743,6.1864
1744,6.1864
1745,6.1864
1746,6.1868
1747,6.1868
1748,6.1876
1749,6.1876
1750,6.1884
1751,6.1884
1752,6.1892
1753,6.1892
1754,6.1892
1755,6.19
1756,6.19
1757,6.1896
1758,6.19
1759,6.1904
1760,6.19
1761,6.1904
1762,6.1912
1763,6.1908
1764,6.1908
1765,6.1916
1766,6.1908
1767,6.1912
1768,6.1908
1769,6.1916
1770,6.192
1771,6.192
1772,6.192
1773,6.1924
1774,6.1924
1775,6.1924
1776,6.1928
1777,6.1928
1778,6.1924
1779,6.1928
1780,6.1928
1781,6.1936
1782,6.1932
1783,6.1936
1784,6.194
1785,6.1936
1786,6.194
1787,6.1944
1788,6.194
1789,6.1948
1790,6.194
1791,6.1952
1792,6.1944
1793,6.1952
1794,6.1948
1795,6.1944
1796,6.1948
1797,6.1944
1798,6.1948
1799,6.1956
1800,6.1956
1801,6.1952
1802,6.1952
1803,6.1952
1804,6.196
1805,6.196
1806,6.196
1807,6.196
1808,6.196
1809,6.196
1810,6.1964
1811,6.196
1812,6.1968
1813,6.1972
1814,6.1968
1815,6.1972
1816,6.1968
1817,6.1964
1818,6.1968
1819,6.1968
1820,6.1964
1821,6.1972
1822,6.1972
1823,6.1968
1824,6.1968
1825,6.1964
1826,6.1964
1827,6.1972
1828,6.1972
1829,6.1972
1830,6.1972
1831,6.1976
1832,6.1972
1833,6.1976
1834,6.1968
1835,6.1972
1836,6.1968
1837,6.1968
1838,6.1976
1839,6.1972
1840,6.1976
1841,6.1972
1842,6.1972
1843,6.1972
1844,6.198
1845,6.198
1846,6.1976
1847,6.1976
1848,6.198
1849,6.1976
1850,6.1976
1851,6.1984
1852,6.1976
1853,6.198
1854,6.1976
1855,6.1976
1856,6.198
1857,6.198
1858,6.1976
1859,6.198
1860,6.1976
1861,6.198
1862,6.1984
1863,6.198
1864,6.1984
1865,6.1984
1866,6.1988
1867,6.1984
1868,6.1988
1869,6.1992
1870,6.1988
1871,6.1996
1872,6.1992
1873,6.1996
1874,6.2
1875,6.1996
1876,6.2
1877,6.2004
1878,6.1996
1879,6.2
1880,6.2004
1881,6.2004
1882,6.2
1883,6.1996
1884,6.2004
1885,6.2004
1886,6.2004
1887,6.2
1888,6.2004
1889,6.2008
1890,6.2
1891,6.2012
1892,6.2016
1893,6.2012
1894,6.2016
1895,6.2016
1896,6.2008
1897,6.2008
1898,6.2016
1899,6.2008
1900,6.2012
1901,6.2012
1902,6.202
1903,6.202
1904,6.202
1905,6.202
1906,6.202
1907,6.202
1908,6.2016
1909,6.2024
1910,6.202
1911,6.2024
1912,6.2024
1913,6.2028
1914,6.202
1915,6.2024
1916,6.2028
1917,6.2024
1918,6.2028
1919,6.2032
1920,6.2028
1921,6.2032
1922,6.2032
1923,6.2036
1924,6.2032
1925,6.2036
1926,6.2044
1927,6.204
1928,6.204
1929,6.2048
1930,6.2044
1931,6.204
1932,6.2044
1933,6.2048
1934,6.2048
1935,6.2052
1936,6.2044
1937,6.2044
1938,6.2048
1939,6.2052
1940,6.2044
1941,6.2048
1942,6.2048
1943,6.2052
1944,6.2048
1945,6.2052
1946,6.2048
1947,6.2044
1948,6.2044
1949,6.2048
1950,6.2044
1951,6.2044
1952,6.2052
1953,6.2044
1954,6.206
1955,6.2056
1956,6.2056
1957,6.2052
1958,6.2056
1959,6.2056
1960,6.2056
1961,6.206
1962,6.2056
1963,6.2064
1964,6.2056
1965,6.206
1966,6.206
1967,6.206
1968,6.2064
1969,6.2068
1970,6.2064
1971,6.2068
1972,6.2068
1973,6.2064
1974,6.2072
1975,6.2072
1976,6.208
1977,6.2072
1978,6.2072
1979,6.208
1980,6.2084
1981,6.2088
1982,6.2088
1983,6.2088
1984,6.2092
1985,6.2096
1986,6.2096
1987,6.2092
1988,6.21
1989,6.21
1990,6.2104
1991,6.2112
1992,6.2112
1993,6.2112
1994,6.2124
1995,6.2132
1996,6.2128
1997,6.2132
1998,6.2136
1999,6.2132
2000,6.2136
2001,6.2148
2002,6.2148
2003,6.2156
2004,6.216
2005,6.2172
2006,6.2172
2007,6.2176
2008,6.218
2009,6.2172
2010,6.2176
2011,6.2176
2012,6.2184
2013,6.218
2014,6.2184
2015,6.2188
2016,6.2192
2017,6.2188
2018,6.2196
2019,6.22
2020,6.2208
2021,6.2204
2022,6.2208
2023,6.2208
2024,6.2216
2025,6.222
2026,6.2228
2027,6.2236
2028,6.2232
2029,6.224
2030,6.224
2031,6.2244
2032,6.2252
2033,6.2252
2034,6.2264
2035,6.2268
2036,6.2268
2037,6.2272
2038,6.228
2039,6.2292
2040,6.2292
2041,6.2296
2042,6.2296
2043,6.2308
2044,6.2312
2045,6.2312
2046,6.2324
2047,6.2332
2048,6.2332
2049,6.2332
2050,6.2332
2051,6.2332
2052,6.234
2053,6.2336
2054,6.2336
2055,6.2352
2056,6.236
2057,6.2368
2058,6.2368
2059,6.2372
2060,6.2376
2061,6.2392
2062,6.24
2063,6.2408
2064,6.2416
2065,6.242
2066,6.2428
2067,6.2444
2068,6.2444
2069,6.2452
2070,6.2456
2071,6.2456
2072,6.2468
2073,6.2476
2074,6.248
2075,6.248
2076,6.2488
2077,6.2504
2078,6.2508
2079,6.2512
2080,6.2524
2081,6.2524
2082,6.2532
2083,6.254
2084,6.2544
2085,6.2552
2086,6.2556
2087,6.2572
2088,6.2576
2089,6.2592
2090,6.26
2091,6.2608
2092,6.2608
2093,6.2612
2094,6.2628
2095,6.2648
2096,6.2648
2097,6.2664
2098,6.2668
2099,6.2672
2100,6.2688
2101,6.2692
2102,6.27
2103,6.2708
2104,6.2716
2105,6.2728
2106,6.2736
2107,6.2756
2108,6.2752
2109,6.2756
2110,6.2756
2111,6.2772
2112,6.2792
2113,6.28
2114,6.2804
2115,6.2812
2116,6.2816
2117,6.2832
2118,6.2844
2119,6.2844
2120,6.286
2121,6.2888
2122,6.29
2123,6.2904
2124,6.2928
2125,6.2932
2126,6.2944
2127,6.2944
2128,6.2948
2129,6.296
2130,6.2964
2131,6.2984
2132,6.298
2133,6.3004
2134,6.3028
2135,6.3032
2136,6.3064
2137,6.306
2138,6.3064
2139,6.3068
2140,6.3084
2141,6.3108
2142,6.312
2143,6.3136
2144,6.314
2145,6.3148
2146,6.3164
2147,6.3164
2148,6.3172
2149,6.318
2150,6.3188
2151,6.3216
2152,6.322
2153,6.3232
2154,6.324
2155,6.3248
2156,6.326
2157,6.3264
2158,6.3276
2159,6.3296
2160,6.3308
2161,6.3336
2162,6.3344
2163,6.334
2164,6.3364
2165,6.3388
2166,6.3396
2167,6.3416
2168,6.3436
2169,6.3456
2170,6.3468
2171,6.3492
2172,6.35
2173,6.3512
2174,6.3528
2175,6.354
2176,6.3536
2177,6.356
2178,6.3568
2179,6.358
2180,6.3584
2181,6.3604
2182,6.3616
2183,6.3624
2184,6.364
2185,6.3644
2186,6.3668
2187,6.3664
2188,6.3684
2189,6.37
2190,6.3724
2191,6.3732
2192,6.3744
2193,6.3764
2194,6.3796
2195,6.3812
2196,6.3824
2197,6.3848
2198,6.3864
2199,6.3876
2200,6.3884
2201,6.3892
2202,6.3924
2203,6.3948
2204,6.396
2205,6.3972
2206,6.398
2207,6.4
2208,6.4008
2209,6.4028
2210,6.4052
2211,6.4068
2212,6.408
2213,6.41
2214,6.41
2215,6.4112
2216,6.4112
2217,6.4144
2218,6.416
2219,6.4176
2220,6.4204
2221,6.4208
2222,6.4216
2223,6.4228
2224,6.4232
2225,6.424
2226,6.4264
2227,6.4272
2228,6.428
2229,6.4308
2230,6.4328
2231,6.434
2232,6.4364
2233,6.4372
2234,6.4384
2235,6.4392
2236,6.4408
2237,6.4424
2238,6.4464
2239,6.448
2240,6.4488
2241,6.4516
2242,6.454
2243,6.4576
2244,6.458
2245,6.4604
2246,6.4616
2247,6.4632
2248,6.4648
2249,6.4644
2250,6.466
2251,6.4688
2252,6.4696
2253,6.47
2254,6.4712
2255,6.4724
2256,6.4736
2257,6.4752
2258,6.476
2259,6.4772
2260,6.4796
2261,6.48
2262,6.4828
2263,6.4828
2264,6.4856
2265,6.4868
2266,6.4872
2267,6.4884
2268,6.49
2269,6.4916
2270,6.492
2271,6.4956
2272,6.4984
2273,6.5004
2274,6.502
2275,6.5032
2276,6.504
2277,6.5044
2278,6.506
2279,6.5072
2280,6.5068
2281,6.5076
2282,6.5084
2283,6.5112
2284,6.5128
2285,6.5132
2286,6.514
2287,6.5164
2288,6.5168
2289,6.5184
2290,6.52
2291,6.5224
2292,6.524
2293,6.5248
2294,6.5268
2295,6.5304
2296,6.5336
2297,6.5352
2298,6.5388
2299,6.5404
2300,6.5416
2301,6.544
2302,6.5452
2303,6.5484
2304,6.5512
2305,6.552
2306,6.5556
2307,6.5576
2308,6.5592
2309,6.5616
2310,6.5636
2311,6.5656
2312,6.5668
2313,6.57
2314,6.5704
2315,6.5724
2316,6.5752
2317,6.576
2318,6.5772
2319,6.5804
2320,6.5832
2321,6.586
2322,6.5868
2323,6.5888
2324,6.5904
2325,6.5928
2326,6.594
2327,6.5964
2328,6.5988
2329,6.5992
2330,6.6004
2331,6.6016
2332,6.6044
2333,6.6052
2334,6.6068
2335,6.6076
2336,6.6076
2337,6.6112
2338,6.612
2339,6.614
2340,6.614
2341,6.6164
2342,6.6184
2343,6.62
2344,6.6212
2345,6.622
2346,6.6248
2347,6.6268
2348,6.6288
2349,6.6324
2350,6.6332
2351,6.6356
2352,6.6368
2353,6.6408
2354,6.642
2355,6.6436
2356,6.6448
2357,6.6464
2358,6.6504
2359,6.6508
2360,6.6528
2361,6.6544
2362,6.656
2363,6.6572
2364,6.6584
2365,6.6596
2366,6.6616
2367,6.6628
2368,6.6636
2369,6.666
2370,6.6692
2371,6.672
2372,6.6744
2373,6.6764
2374,6.6796
2375,6.6812
2376,6.6832
2377,6.686
2378,6.6876
2379,6.6896
2380,6.6928
2381,6.6952
2382,6.6956
2383,6.6976
2384,6.6992
2385,6.7004
2386,6.7036
2387,6.7056
2388,6.7068
2389,6.7092
2390,6.7112
2391,6.7132
2392,6.718
2393,6.7212
2394,6.7232
2395,6.726
2396,6.7288
2397,6.7312
2398,6.7336
2399,6.7344
2400,6.7372
2401,6.7396
2402,6.7408
2403,6.7448
2404,6.746
2405,6.7496
2406,6.7524
2407,6.7544
2408,6.7556
2409,6.7572
2410,6.7596
2411,6.762
2412,6.7648
2413,6.7676
2414,6.77
2415,6.7744
2416,6.7796
2417,6.7816
2418,6.7852
2419,6.7872
2420,6.79
2421,6.7896
2422,6.7916
2423,6.792
2424,6.7932
2425,6.796
2426,6.7956
2427,6.7984
2428,6.8008
2429,6.8028
2430,6.8036
2431,6.806
2432,6.8068
2433,6.8092
2434,6.8112
2435,6.8152
2436,6.8172
2437,6.8216
2438,6.824
2439,6.8256
2440,6.8288
2441,6.8312
2442,6.8316
2443,6.8348
2444,6.8372
2445,6.8412
2446,6.8428
2447,6.8448
2448,6.8468
2449,6.8488
2450,6.8508
2451,6.8528
2452,6.858
2453,6.86
2454,6.862
2455,6.864
2456,6.8664
2457,6.8704
2458,6.8744
2459,6.8752
2460,6.878
2461,6.8808
2462,6.8828
2463,6.8888
2464,6.8904
2465,6.8936
2466,6.8956
2467,6.9004
2468,6.9012
2469,6.904
2470,6.906
2471,6.9096
2472,6.9148
2473,6.9168
2474,6.92
2475,6.9232
2476,6.9252
2477,6.926
2478,6.928
2479,6.9312
2480,6.9348
2481,6.938
2482,6.9404
2483,6.9444
2484,6.9484
2485,6.952
2486,6.9544
2487,6.9576
2488,6.962
2489,6.9632
2490,6.964
2491,6.9668
2492,6.9688
2493,6.9712
2494,6.9736
2495,6.9756
2496,6.9792
2497,6.982
2498,6.9832
2499,6.9864
2500,6.988
2501,6.9904
2502,6.9932
2503,6.9932
2504,6.996
2505,6.9996
2506,7.0028
2507,7.0068
2508,7.0108
2509,7.0144
2510,7.0156
2511,7.0168
2512,7.0188
2513,7.0208
2514,7.026
2515,7.0296
2516,7.0332
2517,7.036
2518,7.0376
2519,7.0412
2520,7.044
2521,7.0452
2522,7.0492
2523,7.0524
2524,7.0552
2525,7.0564
2526,7.058
2527,7.064
2528,7.066
2529,7.0688
2530,7.0728
2531,7.074
2532,7.0756
2533,7.0812
2534,7.0836
2535,7.086
2536,7.0916
2537,7.094
2538,7.0952
2539,7.096
2540,7.1
2541,7.104
2542,7.1076
2543,7.11
2544,7.112
2545,7.1144
2546,7.118
2547,7.1224
2548,7.1248
2549,7.1276
2550,7.1316
2551,7.1328
2552,7.136
2553,7.138
2554,7.1408
2555,7.1456
2556,7.1476
2557,7.1488
2558,7.1524
2559,7.154
2560,7.1564
2561,7.16
2562,7.1612
2563,7.1644
2564,7.1676
2565,7.1724
2566,7.176
2567,7.1776
2568,7.1804
2569,7.1844
2570,7.19
2571,7.1924
2572,7.1948
2573,7.1964
2574,7.2016
2575,7.2028
2576,7.2072
2577,7.21
2578,7.2124
2579,7.216
2580,7.2176
2581,7.2216
2582,7.224
2583,7.2248
2584,7.2268
2585,7.2284
2586,7.2324
2587,7.2328
2588,7.236
2589,7.2396
2590,7.2428
2591,7.246
2592,7.2492
2593,7.2536
2594,7.2544
2595,7.2592
2596,7.2628
2597,7.2652
2598,7.2676
2599,7.2716
2600,7.276
2601,7.2772
2602,7.28
2603,7.2816
2604,7.284
2605,7.2884
2606,7.2908
2607,7.292
2608,7.296
2609,7.2996
2610,7.3004
2611,7.306
2612,7.3096
2613,7.3132
2614,7.3184
2615,7.32
2616,7.3212
2617,7.3224
2618,7.3252
2619,7.3272
2620,7.3308
2621,7.334
2622,7.3368
2623,7.3392
2624,7.3416
2625,7.3432
2626,7.3472
2627,7.3496
2628,7.3532
2629,7.3568
2630,7.36
2631,7.362
2632,7.3644
2633,7.3676
2634,7.3712
2635,7.3724
2636,7.3732
2637,7.376
2638,7.3772
2639,7.3784
2640,7.38
2641,7.3828
2642,7.3864
2643,7.3892
2644,7.3908
2645,7.3944
2646,7.3972
2647,7.4008
2648,7.4044
2649,7.4096
2650,7.4116
2651,7.4152
2652,7.4168
2653,7.4204
2654,7.4228
2655,7.4256
2656,7.4288
2657,7.4316
2658,7.4356
2659,7.4376
2660,7.4396
2661,7.4408
2662,7.442
2663,7.4456
2664,7.4492
2665,7.4512
2666,7.4532
2667,7.4576
2668,7.4596
2669,7.4632
2670,7.4652
2671,7.4648
2672,7.4668
2673,7.4716
2674,7.4736
2675,7.478
2676,7.4804
2677,7.4828
2678,7.4852
2679,7.4872
2680,7.4904
2681,7.4932
2682,7.4992
2683,7.5008
2684,7.502
2685,7.5044
2686,7.508
2687,7.5124
2688,7.5144
2689,7.516
2690,7.516
2691,7.5168
2692,7.5212
2693,7.5232
2694,7.5256
2695,7.5284
2696,7.5308
2697,7.5316
2698,7.5348
2699,7.5364
2700,7.5404
2701,7.5428
2702,7.5448
2703,7.5472
2704,7.5476
2705,7.5524
2706,7.5548
2707,7.5576
2708,7.56
2709,7.5612
2710,7.5644
2711,7.5664
2712,7.5692
2713,7.5704
2714,7.5724
2715,7.574
2716,7.5772
2717,7.5788
2718,7.584
2719,7.5868
2720,7.5884
2721,7.5896
2722,7.5912
2723,7.5932
2724,7.5952
2725,7.5972
2726,7.5976
2727,7.5992
2728,7.6008
2729,7.602
2730,7.6052
2731,7.6072
2732,7.6084
2733,7.6092
2734,7.6128
2735,7.616
2736,7.6172
2737,7.6188
2738,7.622
2739,7.6232
2740,7.6252
2741,7.628
2742,7.6296
2743,7.6308
2744,7.6308
2745,7.6324
2746,7.6328
2747,7.6336
2748,7.6352
2749,7.6356
2750,7.6356
2751,7.6372
2752,7.6388
2753,7.6428
2754,7.6452
2755,7.6452
2756,7.6464
2757,7.6492
2758,7.6516
2759,7.6528
2760,7.6532
2761,7.6588
2762,7.6608
2763,7.6624
2764,7.6648
2765,7.6668
2766,7.668
2767,7.6684
2768,7.6708
2769,7.672
2770,7.6732
2771,7.676
2772,7.678
2773,7.68
2774,7.6816
2775,7.6836
2776,7.684
2777,7.6836
2778,7.6848
2779,7.6872
2780,7.6884
2781,7.6892
2782,7.6912
2783,7.6912
2784,7.6936
2785,7.6952
2786,7.6972
2787,7.6992
2788,7.7012
2789,7.7028
2790,7.7052
2791,7.7072
2792,7.7096
2793,7.7116
2794,7.7128
2795,7.714
2796,7.7152
2797,7.716
2798,7.7168
2799,7.718
2800,7.72
2801,7.7228
2802,7.724
2803,7.7248
2804,7.726
2805,7.728
2806,7.7288
2807,7.7296
2808,7.7312
2809,7.734
2810,7.738
2811,7.7408
2812,7.7412
2813,7.7436
2814,7.7436
2815,7.7476
2816,7.7488
2817,7.7504
2818,7.752
2819,7.754
2820,7.7556
2821,7.7564
2822,7.7584
2823,7.7608
2824,7.7604
2825,7.7608
2826,7.7612
2827,7.7628
2828,7.7632
2829,7.7644
2830,7.7656
2831,7.7672
2832,7.7676
2833,7.7696
2834,7.7708
2835,7.7716
2836,7.7716
2837,7.7748
2838,7.7756
2839,7.7756
2840,7.7776
2841,7.7808
2842,7.7836
2843,7.7844
2844,7.7848
2845,7.7856
2846,7.7864
2847,7.788
2848,7.7908
2849,7.7916
2850,7.7916
2851,7.792
2852,7.7924
2853,7.7936
2854,7.7956
2855,7.796
2856,7.7976
2857,7.7988
2858,7.7992
2859,7.8004
2860,7.8028
2861,7.8044
2862,7.8052
2863,7.8056
2864,7.8084
2865,7.808
2866,7.8108
2867,7.8124
2868,7.8136
2869,7.8132
2870,7.8132
2871,7.814
2872,7.8144
2873,7.816
2874,7.8172
2875,7.8184
2876,7.8204
2877,7.8208
2878,7.8228
2879,7.824
2880,7.8256
2881,7.8276
2882,7.8292
2883,7.8304
2884,7.8316
2885,7.832
2886,7.8356
2887,7.8368
2888,7.8396
2889,7.8412
2890,7.8416
2891,7.8424
2892,7.8436
2893,7.8436
2894,7.8444
2895,7.8448
2896,7.846
2897,7.8464
2898,7.8496
2899,7.8492
2900,7.8504
2901,7.8516
2902,7.8512
2903,7.8528
2904,7.8544
2905,7.8544
2906,7.8556
2907,7.8564
2908,7.8592
2909,7.8596
2910,7.8604
2911,7.86
2912,7.8612
2913,7.8636
2914,7.8632
2915,7.8652
2916,7.8656
2917,7.8648
2918,7.866
2919,7.8668
2920,7.8684
2921,7.8688
2922,7.8692
2923,7.87
2924,7.8708
2925,7.8708
2926,7.8704
2927,7.8704
2928,7.8716
2929,7.8724
2930,7.8728
2931,7.8736
2932,7.8744
2933,7.874
2934,7.8752
2935,7.8756
2936,7.8776
2937,7.878
2938,7.8784
2939,7.8784
2940,7.8796
2941,7.8804
2942,7.8812
2943,7.882
2944,7.8836
2945,7.8848
2946,7.8856
2947,7.8872
2948,7.8864
2949,7.8876
2950,7.888
2951,7.888
2952,7.8888
2953,7.8908
2954,7.8916
2955,7.892
2956,7.8924
2957,7.8928
2958,7.8944
2959,7.8956
2960,7.8964
2961,7.8972
2962,7.8972
2963,7.898
2964,7.898
2965,7.8988
2966,7.8996
2967,7.8992
2968,7.9008
2969,7.9012
2970,7.9016
2971,7.9024
2972,7.9024
2973,7.9044
2974,7.9052
2975,7.9052
2976,7.9056
2977,7.9068
2978,7.908
2979,7.9084
2980,7.9088
2981,7.9092
2982,7.91
2983,7.9108
2984,7.9112
2985,7.9128
2986,7.9132
2987,7.9132
2988,7.9132
2989,7.9144
2990,7.9156
2991,7.9176
2992,7.918
2993,7.9188
2994,7.9192
2995,7.9188
2996,7.9188
2997,7.9196
2998,7.9212
2999,7.9216
3000,7.922
3001,7.924
3002,7.9236
3003,7.9244
3004,7.926
3005,7.926
3006,7.9264
3007,7.9264
3008,7.9264
3009,7.9268
3010,7.9268
3011,7.9276
3012,7.9292
3013,7.9292
3014,7.9292
3015,7.9292
3016,7.9292
3017,7.93
3018,7.932
3019,7.9324
3020,7.9328
3021,7.934
3022,7.9352
3023,7.9348
3024,7.936
3025,7.9368
3026,7.9376
3027,7.9388
3028,7.9396
3029,7.9396
3030,7.9396
3031,7.94
3032,7.9412
3033,7.9412
3034,7.9428
3035,7.9436
3036,7.9444
3037,7.9452
3038,7.9448
3039,7.9444
3040,7.946
3041,7.9468
3042,7.9476
3043,7.9484
3044,7.9484
3045,7.9496
3046,7.952
3047,7.9516
3048,7.9524
3049,7.9524
3050,7.9524
3051,7.9524
3052,7.9536
3053,7.9536
3054,7.954
3055,7.9548
3056,7.9556
3057,7.9568
3058,7.9584
3059,7.9588
3060,7.9588
3061,7.9588
3062,7.9608
3063,7.9612
3064,7.9612
3065,7.9624
3066,7.964
3067,7.964
3068,7.966
3069,7.9656
3070,7.9656
3071,7.9664
3072,7.9668
3073,7.9684
3074,7.9688
3075,7.9692
3076,7.9692
3077,7.9692
3078,7.97
3079,7.9704
3080,7.9712
3081,7.9724
3082,7.9732
3083,7.9736
3084,7.974
3085,7.9748
3086,7.9756
3087,7.9756
3088,7.9768
3089,7.9772
3090,7.9772
3091,7.9772
3092,7.9792
3093,7.98
3094,7.9816
3095,7.9812
3096,7.9824
3097,7.9836
3098,7.9832
3099,7.9848
3100,7.9868
3101,7.9876
3102,7.988
3103,7.9896
3104,7.9904
3105,7.99
3106,7.9916
3107,7.9924
3108,7.992
3109,7.9924
3110,7.9924
3111,7.994
3112,7.9956
3113,7.996
3114,7.998
3115,7.9984
3116,7.9984
3117,7.9984
3118,7.9984
3119,7.9992
3120,8.0004
3121,8.0012
3122,8.0016
3123,8.0012
3124,8.0028
3125,8.004
3126,8.004
3127,8.006
3128,8.0072
3129,8.0076
3130,8.0096
3131,8.01
3132,8.0116
3133,8.014
3134,8.0144
3135,8.0144
3136,8.0164
3137,8.0172
3138,8.0176
3139,8.0176
3140,8.0188
3141,8.0196
3142,8.02
3143,8.0196
3144,8.02
3145,8.0204
3146,8.0216
3147,8.024
3148,8.0252
3149,8.0268
3150,8.0272
3151,8.0296
3152,8.0304
3153,8.0324
3154,8.0324
3155,8.034
3156,8.034
3157,8.0364
3158,8.0376
3159,8.0388
3160,8.0396
3161,8.04
3162,8.0412
3163,8.0424
3164,8.044
3165,8.044
3166,8.0436
3167,8.0448
3168,8.046
3169,8.0468
3170,8.0468
3171,8.0484
3172,8.0492
3173,8.0516
3174,8.052
3175,8.054
3176,8.0536
3177,8.0548
3178,8.0552
3179,8.0556
3180,8.0568
3181,8.0568
3182,8.0576
3183,8.0596
3184,8.0596
3185,8.0604
3186,8.0612
3187,8.0636
3188,8.0648
3189,8.0672
3190,8.0672
3191,8.0692
3192,8.0716
3193,8.0716
3194,8.0724
3195,8.0732
3196,8.0744
3197,8.0756
3198,8.078
3199,8.08
3200,8.0824
3201,8.0832
3202,8.0844
3203,8.0868
3204,8.0864
3205,8.088
3206,8.09
3207,8.0908
3208,8.0916
3209,8.0936
3210,8.0948
3211,8.096
3212,8.0984
3213,8.0984
3214,8.1
3215,8.1012
3216,8.1032
3217,8.104
3218,8.1056
3219,8.1068
3220,8.1084
3221,8.1104
3222,8.1108
3223,8.1128
3224,8.1148
3225,8.1164
3226,8.1172
3227,8.1188
3228,8.1212
3229,8.1232
3230,8.124
3231,8.1248
3232,8.1256
3233,8.1272
3234,8.128
3235,8.1296
3236,8.1304
3237,8.1332
3238,8.1344
3239,8.1348
3240,8.1372
3241,8.1392
3242,8.1416
3243,8.1428
3244,8.144
3245,8.1452
3246,8.1456
3247,8.146
3248,8.1472
3249,8.1484
3250,8.1492
3251,8.1516
3252,8.1532
3253,8.1556
3254,8.1568
3255,8.1588
3256,8.1592
3257,8.1608
3258,8.1616
3259,8.1628
3260,8.1636
3261,8.1688
3262,8.1696
3263,8.1704
3264,8.1716
3265,8.174
3266,8.1732
3267,8.1748
3268,8.1768
3269,8.1772
3270,8.1776
3271,8.1796
3272,8.1816
3273,8.184
3274,8.1864
3275,8.1868
3276,8.1896
3277,8.192
3278,8.194
3279,8.1956
3280,8.196
3281,8.198
3282,8.1996
3283,8.2004
3284,8.2028
3285,8.2056
3286,8.2064
3287,8.2084
3288,8.2088
3289,8.2116
3290,8.212
3291,8.2144
3292,8.2156
3293,8.2192
3294,8.222
3295,8.2244
3296,8.2264
3297,8.2284
3298,8.2292
3299,8.23
3300,8.2316
3301,8.2336
3302,8.2372
3303,8.2396
3304,8.2408
3305,8.2432
3306,8.244
3307,8.2452
3308,8.2468
3309,8.25
3310,8.2512
3311,8.2548
3312,8.258
3313,8.2612
3314,8.264
3315,8.2672
3316,8.2704
3317,8.2724
3318,8.2736
3319,8.276
3320,8.2788
3321,8.2828
3322,8.284
3323,8.2864
3324,8.288
3325,8.29
3326,8.2924
3327,8.2932
3328,8.2956
3329,8.2964
3330,8.2972
3331,8.2988
3332,8.3008
3333,8.3044
3334,8.3048
3335,8.3076
3336,8.3088
3337,8.3128
3338,8.3164
3339,8.3192
3340,8.3204
3341,8.3224
3342,8.322
3343,8.3248
3344,8.3256
3345,8.3268
3346,8.3276
3347,8.3296
3348,8.3328
3349,8.3332
3350,8.3372
3351,8.34
3352,8.342
3353,8.3444
3354,8.3448
3355,8.346
3356,8.348
3357,8.3492
3358,8.3504
3359,8.3532
3360,8.3572
3361,8.3592
3362,8.362
3363,8.3632
3364,8.364
3365,8.3664
3366,8.3684
3367,8.3704
3368,8.3708
3369,8.3728
3370,8.3744
3371,8.3764
3372,8.3776
3373,8.3788
3374,8.3796
3375,8.3816
3376,8.3836
3377,8.3852
3378,8.3868
3379,8.3888
3380,8.3916
3381,8.3928
3382,8.3932
3383,8.3964
3384,8.3968
3385,8.3988
3386,8.4004
3387,8.4024
3388,8.4056
3389,8.4088
3390,8.4116
3391,8.4144
3392,8.4156
3393,8.4188
3394,8.4204
3395,8.424
3396,8.4268
3397,8.4288
3398,8.4304
3399,8.432
3400,8.436
3401,8.4372
3402,8.44
3403,8.442
3404,8.4436
3405,8.4464
3406,8.4476
3407,8.4492
3408,8.4508
3409,8.4528
3410,8.4552
3411,8.4588
3412,8.4592
3413,8.4624
3414,8.4632
3415,8.4664
3416,8.4672
3417,8.4704
3418,8.4736
3419,8.476
3420,8.4772
3421,8.4792
3422,8.4812
3423,8.4836
3424,8.4852
3425,8.4888
3426,8.4908
3427,8.4908
3428,8.4936
3429,8.4944
3430,8.496
3431,8.4972
3432,8.4992
3433,8.5004
3434,8.5024
3435,8.5044
3436,8.5048
3437,8.5076
3438,8.5104
3439,8.5144
3440,8.5172
3441,8.5184
3442,8.5204
3443,8.5224
3444,8.526
3445,8.528
3446,8.53
3447,8.532
3448,8.5352
3449,8.5372
3450,8.5376
3451,8.5392
3452,8.5428
3453,8.5452
3454,8.546
3455,8.5488
3456,8.5516
3457,8.5552
3458,8.5564
3459,8.5588
3460,8.5612
3461,8.5624
3462,8.5648
3463,8.5668
3464,8.5692
3465,8.5716
3466,8.5728
3467,8.5756
3468,8.5772
3469,8.5804
3470,8.5828
3471,8.5864
3472,8.5868
3473,8.5876
3474,8.5908
3475,8.5928
3476,8.594
3477,8.5968
3478,8.5992
3479,8.6016
3480,8.604
3481,8.606
3482,8.6072
3483,8.6092
3484,8.6128
3485,8.616
3486,8.6168
3487,8.6212
3488,8.6232
3489,8.6248
3490,8.6276
3491,8.63
3492,8.6312
3493,8.634
3494,8.6348
3495,8.638
3496,8.6412
3497,8.644
3498,8.646
3499,8.6472
3500,8.6484
3501,8.6528
3502,8.656
3503,8.658
3504,8.6616
3505,8.6644
3506,8.6696
3507,8.6708
3508,8.674
3509,8.6764
3510,8.6804
3511,8.6844
3512,8.686
3513,8.6892
3514,8.6928
3515,8.6956
3516,8.698
3517,8.7004
3518,8.7032
3519,8.7068
3520,8.7104
3521,8.7124
3522,8.716
3523,8.7188
3524,8.7212
3525,8.7224
3526,8.724
3527,8.7256
3528,8.7292
3529,8.7312
3530,8.7324
3531,8.734
3532,8.7356
3533,8.7376
3534,8.7404
3535,8.746
3536,8.748
3537,8.75
3538,8.7508
3539,8.7516
3540,8.7544
3541,8.7568
3542,8.7608
3543,8.7644
3544,8.7656
3545,8.766
3546,8.7692
3547,8.772
3548,8.7744
3549,8.7772
3550,8.7788
3551,8.7812
3552,8.7812
3553,8.7844
3554,8.788
3555,8.7908
3556,8.7952
3557,8.7972
3558,8.8
3559,8.8024
3560,8.8056
3561,8.8072
3562,8.8088
3563,8.8128
3564,8.8156
3565,8.8192
3566,8.8208
3567,8.8248
3568,8.8272
3569,8.8292
3570,8.8308
3571,8.8336
3572,8.8368
3573,8.8388
3574,8.8424
3575,8.8452
3576,8.8472
3577,8.852
3578,8.854
3579,8.8548
3580,8.8568
3581,8.8612
3582,8.8632
3583,8.8644
3584,8.8664
3585,8.8692
3586,8.8692
3587,8.872
3588,8.8748
3589,8.876
3590,8.8796
3591,8.8812
3592,8.8844
3593,8.888
3594,8.8928
3595,8.8928
3596,8.8968
3597,8.8984
3598,8.9024
3599,8.9052
3600,8.908
3601,8.9088
3602,8.9124
3603,8.9152
3604,8.9164
3605,8.92
3606,8.9216
3607,8.9244
3608,8.9272
3609,8.93
3610,8.932
3611,8.9336
3612,8.936
3613,8.9368
3614,8.9396
3615,8.9432
3616,8.9452
3617,8.9496
3618,8.9532
3619,8.956
3620,8.9592
3621,8.96
3622,8.9632
3623,8.9664
3624,8.968
3625,8.9712
3626,8.9732
3627,8.9764
3628,8.9788
3629,8.9816
3630,8.9836
3631,8.9848
3632,8.9856
3633,8.9892
3634,8.9924
3635,8.9952
3636,8.998
3637,9.0008
3638,9.004
3639,9.0068
3640,9.0092
3641,9.0116
3642,9.0128
3643,9.014
3644,9.0148
3645,9.0184
3646,9.0196
3647,9.022
3648,9.0228
3649,9.026
3650,9.0268
3651,9.0288
3652,9.0308
3653,9.0344
3654,9.0364
3655,9.0396
3656,9.042
3657,9.044
3658,9.046
3659,9.0464
3660,9.048
3661,9.0496
3662,9.0516
3663,9.0528
3664,9.058
3665,9.0584
3666,9.0612
3667,9.0652
3668,9.0668
3669,9.0696
3670,9.0704
3671,9.0716
3672,9.076
3673,9.0776
3674,9.0792
3675,9.0808
3676,9.0856
3677,9.0892
3678,9.0924
3679,9.094
3680,9.0968
3681,9.098
3682,9.102
3683,9.1036
3684,9.1048
3685,9.1072
3686,9.1088
3687,9.112
3688,9.1148
3689,9.1176
3690,9.1176
3691,9.1224
3692,9.1248
3693,9.1268
3694,9.1284
3695,9.13
3696,9.1312
3697,9.134
3698,9.1384
3699,9.1404
3700,9.1416
3701,9.144
3702,9.146
3703,9.1472
3704,9.1488
3705,9.1512
3706,9.1532
3707,9.1548
3708,9.1576
3709,9.1584
3710,9.1612
3711,9.164
3712,9.1684
3713,9.1692
3714,9.1724
3715,9.174
3716,9.1752
3717,9.1792
3718,9.1804
3719,9.1844
3720,9.1888
3721,9.1908
3722,9.1944
3723,9.1956
3724,9.196
3725,9.1988
3726,9.2012
3727,9.2032
3728,9.2052
3729,9.2072
3730,9.2108
3731,9.212
3732,9.2128
3733,9.2144
3734,9.2168
3735,9.2212
3736,9.2228
3737,9.2248
3738,9.2268
3739,9.228
3740,9.2288
3741,9.2316
3742,9.2328
3743,9.2368
3744,9.2392
3745,9.244
3746,9.2456
3747,9.248
3748,9.2496
3749,9.2524
3750,9.2548
3751,9.2572
3752,9.2592
3753,9.2604
3754,9.264
3755,9.2668
3756,9.2684
3757,9.27
3758,9.2716
3759,9.274
3760,9.276
3761,9.2776
3762,9.2792
3763,9.28
3764,9.2832
3765,9.2852
3766,9.2852
3767,9.2852
3768,9.2868
3769,9.2868
3770,9.2884
3771,9.2892
3772,9.2916
3773,9.2932
3774,9.2952
3775,9.2996
3776,9.302
3777,9.3024
3778,9.3056
3779,9.3088
3780,9.3104
3781,9.3116
3782,9.3144
3783,9.3156
3784,9.3188
3785,9.3204
3786,9.3212
3787,9.3212
3788,9.3228
3789,9.324
3790,9.3248
3791,9.3264
3792,9.3276
3793,9.3308
3794,9.3316
3795,9.3328
3796,9.3356
3797,9.3364
3798,9.3404
3799,9.3412
3800,9.342
3801,9.3428
3802,9.344
3803,9.3464
3804,9.348
3805,9.348
3806,9.3512
3807,9.3528
3808,9.3544
3809,9.3564
3810,9.3576
3811,9.3592
3812,9.36
3813,9.3612
3814,9.3608
3815,9.3624
3816,9.3648
3817,9.3656
3818,9.3664
3819,9.3684
3820,9.37
3821,9.3724
3822,9.3752
3823,9.3764
3824,9.3768
3825,9.3768
3826,9.3792
3827,9.382
3828,9.3848
3829,9.3868
3830,9.3884
3831,9.3884
3832,9.3916
3833,9.3916
3834,9.3916
3835,9.3944
3836,9.3956
3837,9.398
3838,9.3996
3839,9.4016
3840,9.4024
3841,9.4036
3842,9.4048
3843,9.406
3844,9.408
3845,9.4092
3846,9.4108
3847,9.4108
3848,9.412
3849,9.4132
3850,9.4136
3851,9.4136
3852,9.4136
3853,9.4184
3854,9.4208
3855,9.4224
3856,9.4232
3857,9.4228
3858,9.426
3859,9.4276
3860,9.4296
3861,9.43
3862,9.4312
3863,9.432
3864,9.4332
3865,9.4352
3866,9.434
3867,9.4372
3868,9.4388
3869,9.4412
3870,9.4428
3871,9.444
3872,9.4456
3873,9.4472
3874,9.4472
3875,9.4472
3876,9.4484
3877,9.45
3878,9.4504
3879,9.4516
3880,9.4524
3881,9.4524
3882,9.4536
3883,9.4556
3884,9.4568
3885,9.4576
3886,9.4588
3887,9.4588
3888,9.46
3889,9.46
3890,9.4608
3891,9.4628
3892,9.4628
3893,9.4648
3894,9.4668
3895,9.4692
3896,9.4692
3897,9.4704
3898,9.4724
3899,9.4728
3900,9.4736
3901,9.4752
3902,9.4764
3903,9.4792
3904,9.4784
3905,9.4796
3906,9.4804
3907,9.4824
3908,9.4836
3909,9.4836
3910,9.4844
3911,9.4872
3912,9.4892
3913,9.4916
3914,9.4932
3915,9.4964
3916,9.4976
3917,9.4992
3918,9.5004
3919,9.502
3920,9.5032
3921,9.5048
3922,9.5052
3923,9.506
3924,9.5068
3925,9.5076
3926,9.5104
3927,9.5124
3928,9.5136
3929,9.5148
3930,9.5156
3931,9.5172
3932,9.5176
3933,9.5184
3934,9.5196
3935,9.52
3936,9.5212
3937,9.5232
3938,9.5244
3939,9.5264
3940,9.5276
3941,9.5288
3942,9.5296
3943,9.53
3944,9.5312
3945,9.5324
3946,9.5348
3947,9.5356
3948,9.5376
3949,9.538
3950,9.5388
3951,9.5384
3952,9.5396
3953,9.5408
3954,9.5424
3955,9.5436
3956,9.544
3957,9.546
3958,9.548
3959,9.55
3960,9.5504
3961,9.5512
3962,9.5524
3963,9.5528
3964,9.5532
3965,9.5536
3966,9.5536
3967,9.5532
3968,9.5548
3969,9.5552
3970,9.5556
3971,9.5568
3972,9.5576
3973,9.5596
3974,9.5616
3975,9.5612
3976,9.5624
3977,9.5628
3978,9.566
3979,9.5664
3980,9.5684
3981,9.57
3982,9.5728
3983,9.5724
3984,9.574
3985,9.5732
3986,9.5752
3987,9.5756
3988,9.5756
3989,9.5776
3990,9.578
3991,9.5792
3992,9.5796
3993,9.58
3994,9.5808
3995,9.5816
3996,9.5816
3997,9.582
3998,9.5836
3999,9.5836
4000,9.5856
4001,9.5864
4002,9.5884
4003,9.5888
4004,9.5908
4005,9.5912
4006,9.5932
4007,9.5932
4008,9.5944
4009,9.5952
4010,9.5968
4011,9.5972
4012,9.598
4013,9.5988
4014,9.6004
4015,9.6024
4016,9.602
4017,9.6028
4018,9.6036
4019,9.6052
4020,9.6072
4021,9.6084
4022,9.61
4023,9.6108
4024,9.6112
4025,9.6132
4026,9.6136
4027,9.6148
4028,9.6152
4029,9.6156
4030,9.616
4031,9.6168
4032,9.6176
4033,9.618
4034,9.6188
4035,9.6204
4036,9.6212
4037,9.6216
4038,9.6208
4039,9.6216
4040,9.6228
4041,9.6228
4042,9.624
4043,9.6244
4044,9.624
4045,9.624
4046,9.626
4047,9.6268
4048,9.6268
4049,9.6284
4050,9.6292
4051,9.6292
4052,9.63
4053,9.6312
4054,9.6324
4055,9.6328
4056,9.6336
4057,9.634
4058,9.634
4059,9.6352
4060,9.636
4061,9.6376
4062,9.6388
4063,9.6404
4064,9.6428
4065,9.6432
4066,9.6444
4067,9.6444
4068,9.6452
4069,9.6456
4070,9.6468
4071,9.6484
4072,9.6504
4073,9.65
4074,9.6504
4075,9.6504
4076,9.6504
4077,9.6508
4078,9.6532
4079,9.6532
4080,9.654
4081,9.6544
4082,9.6552
4083,9.656
4084,9.6564
4085,9.6568
4086,9.6572
4087,9.658
4088,9.6588
4089,9.66
4090,9.6596
4091,9.6632
4092,9.664
4093,9.6644
4094,9.666
4095,9.6668
4096,9.668
4097,9.6684
4098,9.67
4099,9.6696
4100,9.67
4101,9.6708
4102,9.672
4103,9.6728
4104,9.6736
4105,9.6748
4106,9.6756
4107,9.6764
4108,9.676
4109,9.6764
4110,9.678
4111,9.6788
4112,9.6788
4113,9.682
4114,9.6812
4115,9.6824
4116,9.6832
4117,9.6848
4118,9.686
4119,9.6876
4120,9.6892
4121,9.6896
4122,9.6904
4123,9.6932
4124,9.6924
4125,9.694
4126,9.6952
4127,9.696
4128,9.698
4129,9.6984
4130,9.7
4131,9.7016
4132,9.702
4133,9.7024
4134,9.7028
4135,9.7044
4136,9.706
4137,9.7072
4138,9.7084
4139,9.7096
4140,9.7124
4141,9.7132
4142,9.7144
4143,9.7164
4144,9.7164
4145,9.7184
4146,9.7184
4147,9.7204
4148,9.7208
4149,9.7212
4150,9.7224
4151,9.7224
4152,9.7236
4153,9.7248
4154,9.7268
4155,9.7272
4156,9.7296
4157,9.7304
4158,9.7316
4159,9.7328
4160,9.7336
4161,9.7348
4162,9.7372
4163,9.7372
4164,9.7368
4165,9.7372
4166,9.738
4167,9.74
4168,9.74
4169,9.7408
4170,9.7412
4171,9.7424
4172,9.7448
4173,9.7452
4174,9.7464
4175,9.7476
4176,9.7472
4177,9.7492
4178,9.7524
4179,9.7536
4180,9.7536
4181,9.7552
4182,9.7564
4183,9.7592
4184,9.7604
4185,9.7624
4186,9.7656
4187,9.7672
4188,9.768
4189,9.7688
4190,9.7688
4191,9.7696
4192,9.772
4193,9.7728
4194,9.776
4195,9.776
4196,9.7776
4197,9.78
4198,9.7816
4199,9.7824
4200,9.7844
4201,9.7844
4202,9.7848
4203,9.7876
4204,9.7872
4205,9.7884
4206,9.7904
4207,9.792
4208,9.7916
4209,9.7932
4210,9.7952
4211,9.796
4212,9.7992
4213,9.8012
4214,9.8024
4215,9.8032
4216,9.804
4217,9.8056
4218,9.8064
4219,9.8072
4220,9.8088
4221,9.8108
4222,9.8128
4223,9.814
4224,9.816
4225,9.8168
4226,9.8172
4227,9.818
4228,9.8192
4229,9.8204
4230,9.8216
4231,9.8228
4232,9.8228
4233,9.824
4234,9.8268
4235,9.8284
4236,9.8316
4237,9.8324
4238,9.8336
4239,9.8372
4240,9.8388
4241,9.8388
4242,9.84
4243,9.8416
4244,9.842
4245,9.844
4246,9.8464
4247,9.848
4248,9.8488
4249,9.8504
4250,9.8524
4251,9.854
4252,9.8552
4253,9.856
4254,9.8568
4255,9.858
4256,9.8604
4257,9.862
4258,9.8648
4259,9.8652
4260,9.8664
4261,9.8688
4262,9.87
4263,9.8728
4264,9.8756
4265,9.8776
4266,9.8788
4267,9.8804
4268,9.8824
4269,9.8844
4270,9.8868
4271,9.8892
4272,9.8912
4273,9.8944
4274,9.8964
4275,9.898
4276,9.8992
4277,9.9008
4278,9.9036
4279,9.9052
4280,9.9072
4281,9.9084
4282,9.91
4283,9.9116
4284,9.9124
4285,9.9148
4286,9.9188
4287,9.92
4288,9.9216
4289,9.9228
4290,9.9252
4291,9.9284
4292,9.9312
4293,9.9344
4294,9.9372
4295,9.94
4296,9.9412
4297,9.9428
4298,9.944
4299,9.9452
4300,9.9472
4301,9.9484
4302,9.9496
4303,9.9512
4304,9.9516
4305,9.9524
4306,9.9544
4307,9.9552
4308,9.9576
4309,9.9604
4310,9.9632
4311,9.9664
4312,9.968
4313,9.9716
4314,9.974
4315,9.9756
4316,9.978
4317,9.9792
4318,9.9808
4319,9.9812
4320,9.9832
4321,9.9868
4322,9.988
4323,9.9904
4324,9.992
4325,9.9952
4326,9.9984
4327,10.0
4328,10.0036
4329,10.0048
4330,10.006
4331,10.008
4332,10.01
4333,10.0132
4334,10.0156
4335,10.0172
4336,10.0196
4337,10.0212
4338,10.0224
4339,10.0244
4340,10.0264
4341,10.028
4342,10.0288
4343,10.0304
4344,10.0332
4345,10.0352
4346,10.036
4347,10.0396
4348,10.0412
4349,10.0424
4350,10.044
4351,10.0456
4352,10.0468
4353,10.048
4354,10.0496
4355,10.0516
4356,10.054
4357,10.0548
4358,10.0564
4359,10.0568
4360,10.0596
4361,10.0612
4362,10.0632
4363,10.0636
4364,10.0656
4365,10.0672
4366,10.0684
4367,10.0692
4368,10.0704
4369,10.072
4370,10.0748
4371,10.0752
4372,10.0764
4373,10.0788
4374,10.0788
4375,10.0808
4376,10.084
4377,10.0856
4378,10.088
4379,10.0904
4380,10.0916
4381,10.0932
4382,10.0952
4383,10.0984
4384,10.0992
4385,10.1008
4386,10.1032
4387,10.1072
4388,10.108
4389,10.1092
4390,10.1104
4391,10.1124
4392,10.1136
4393,10.1144
4394,10.1168
4395,10.1192
4396,10.1248
4397,10.126
4398,10.1276
4399,10.1292
4400,10.1308
4401,10.134
4402,10.1364
4403,10.138
4404,10.14
4405,10.1412
4406,10.1428
4407,10.1464
4408,10.1488
4409,10.1508
4410,10.1524
4411,10.1536
4412,10.1544
4413,10.1568
4414,10.1584
4415,10.1608
4416,10.162
4417,10.166
4418,10.1676
4419,10.1692
4420,10.1712
4421,10.174
4422,10.1764
4423,10.178
4424,10.1812
4425,10.1836
4426,10.1852
4427,10.1876
4428,10.1884
4429,10.1904
4430,10.1908
4431,10.1944
4432,10.1956
4433,10.1984
4434,10.2008
4435,10.2008
4436,10.2016
4437,10.2048
4438,10.2064
4439,10.21
4440,10.2136
4441,10.2136
4442,10.2152
4443,10.2176
4444,10.2184
4445,10.2208
4446,10.222
4447,10.2248
4448,10.2268
4449,10.2288
4450,10.2308
4451,10.2332
4452,10.2352
4453,10.238
4454,10.2376
4455,10.2384
4456,10.2416
4457,10.246
4458,10.2484
4459,10.2496
4460,10.2528
4461,10.2548
4462,10.2572
4463,10.2592
4464,10.2624
4465,10.2664
4466,10.27
4467,10.2712
4468,10.2736
4469,10.2764
4470,10.2768
4471,10.2788
4472,10.28
4473,10.282
4474,10.286
4475,10.2884
4476,10.2908
4477,10.2928
4478,10.2932
4479,10.294
4480,10.2964
4481,10.2964
4482,10.2996
4483,10.2996
4484,10.3028
4485,10.3084
4486,10.3104
4487,10.3124
4488,10.314
4489,10.3184
4490,10.3212
4491,10.324
4492,10.3264
4493,10.328
4494,10.3304
4495,10.334
4496,10.3364
4497,10.3372
4498,10.3408
4499,10.3428
4500,10.3448
4501,10.3472
4502,10.3492
4503,10.3512
4504,10.3524
4505,10.3548
4506,10.3568
4507,10.3592
4508,10.3592
4509,10.3588
4510,10.3636
4511,10.366
4512,10.37
4513,10.3712
4514,10.3748
4515,10.376
4516,10.378
4517,10.3792
4518,10.382
4519,10.3836
4520,10.3856
4521,10.386
4522,10.388
4523,10.3908
4524,10.3916
4525,10.396
4526,10.3968
4527,10.3988
4528,10.4016
4529,10.4032
4530,10.4036
4531,10.4044
4532,10.406
4533,10.4104
4534,10.4124
4535,10.4136
4536,10.4144
4537,10.4164
4538,10.42
4539,10.4212
4540,10.4236
4541,10.4264
4542,10.4272
4543,10.4296
4544,10.4328
4545,10.4356
4546,10.4364
4547,10.4392
4548,10.4412
4549,10.4436
4550,10.4444
4551,10.446
4552,10.4476
4553,10.448
4554,10.4492
4555,10.4504
4556,10.4528
4557,10.4556
4558,10.4576
4559,10.4624
4560,10.4632
4561,10.4652
4562,10.4664
4563,10.4684
4564,10.4692
4565,10.4728
4566,10.4748
4567,10.478
4568,10.478
4569,10.4824
4570,10.4836
4571,10.486
4572,10.4872
4573,10.4892
4574,10.4924
4575,10.496
4576,10.498
4577,10.5008
4578,10.5016
4579,10.504
4580,10.5044
4581,10.5072
4582,10.5088
4583,10.5108
4584,10.5132
4585,10.518
4586,10.5216
4587,10.5224
4588,10.5236
4589,10.5264
4590,10.5292
4591,10.5312
4592,10.5336
4593,10.534
4594,10.5368
4595,10.5392
4596,10.54
4597,10.5428
4598,10.5456
4599,10.5468
4600,10.5484
4601,10.55
4602,10.5556
4603,10.5576
4604,10.5596
4605,10.562
4606,10.5636
4607,10.5648
4608,10.566
4609,10.568
4610,10.5712
4611,10.5736
4612,10.576
4613,10.578
4614,10.58
4615,10.5804
4616,10.5832
4617,10.5844
4618,10.5884
4619,10.5908
4620,10.5924
4621,10.5932
4622,10.5944
4623,10.5968
4624,10.5996
4625,10.6004
4626,10.6028
4627,10.6064
4628,10.6088
4629,10.6116
4630,10.6128
4631,10.6156
4632,10.6176
4633,10.6188
4634,10.6216
4635,10.6248
4636,10.626
4637,10.6284
4638,10.6296
4639,10.6332
4640,10.6368
4641,10.6408
4642,10.6424
4643,10.6448
4644,10.6464
4645,10.6488
4646,10.652
4647,10.6532
4648,10.6544
4649,10.6548
4650,10.6568
4651,10.6588
4652,10.6596
4653,10.662
4654,10.6656
4655,10.6672
4656,10.6696
4657,10.6724
4658,10.674
4659,10.6772
4660,10.6768
4661,10.6768
4662,10.6804
4663,10.6808
4664,10.682
4665,10.6824
4666,10.684
4667,10.686
4668,10.6872
4669,10.6908
4670,10.6936
4671,10.6956
4672,10.6976
4673,10.6996
4674,10.7012
4675,10.7032
4676,10.7052
4677,10.7064
4678,10.7084
4679,10.7104
4680,10.7116
4681,10.714
4682,10.7144
4683,10.7144
4684,10.7164
4685,10.718
4686,10.7216
4687,10.7236
4688,10.7248
4689,10.7268
4690,10.7284
4691,10.7304
4692,10.7324
4693,10.7344
4694,10.7364
4695,10.738
4696,10.7428
4697,10.7448
4698,10.7472
4699,10.7496
4700,10.7512
4701,10.7544
4702,10.7556
4703,10.7584
4704,10.7592
4705,10.7604
4706,10.7616
4707,10.7644
4708,10.766
4709,10.7692
4710,10.7696
4711,10.77
4712,10.772
4713,10.7728
4714,10.7744
4715,10.7768
4716,10.7788
4717,10.7824
4718,10.7844
4719,10.7864
4720,10.7888
4721,10.7896
4722,10.7912
4723,10.7924
4724,10.7936
4725,10.7964
4726,10.798
4727,10.7992
4728,10.8008
4729,10.8044
4730,10.806
4731,10.8076
4732,10.8088
4733,10.81
4734,10.81
4735,10.8124
4736,10.8124
4737,10.814
4738,10.8168
4739,10.8192
4740,10.8192
4741,10.8224
4742,10.8228
4743,10.8244
4744,10.8272
4745,10.8288
4746,10.832
4747,10.834
4748,10.8356
4749,10.8376
4750,10.84
4751,10.8412
4752,10.8424
4753,10.8452
4754,10.8456
4755,10.8472
4756,10.8496
4757,10.8504
4758,10.852
4759,10.854
4760,10.856
4761,10.8572
4762,10.8584
4763,10.8616
4764,10.8648
4765,10.8668
4766,10.868
4767,10.8696
4768,10.8704
4769,10.8716
4770,10.8728
4771,10.874
4772,10.8756
4773,10.8792
4774,10.8808
4775,10.8812
4776,10.8824
4777,10.8836
4778,10.8852
4779,10.8864
4780,10.8884
4781,10.8888
4782,10.8916
4783,10.8924
4784,10.8964
4785,10.8976
4786,10.898
4787,10.9
4788,10.9008
4789,10.9032
4790,10.9052
4791,10.9064
4792,10.9084
4793,10.9084
4794,10.9108
4795,10.9112
4796,10.9132
4797,10.9136
4798,10.9152
4799,10.9184
4800,10.92
4801,10.9212
4802,10.9212
4803,10.9236
4804,10.924
4805,10.9264
4806,10.9276
4807,10.9288
4808,10.9304
4809,10.9316
4810,10.9324
4811,10.9332
4812,10.9344
4813,10.9356
4814,10.9364
4815,10.9376
4816,10.9384
4817,10.9404
4818,10.942
4819,10.9448
4820,10.946
4821,10.9484
4822,10.95
4823,10.9508
4824,10.9516
4825,10.954
4826,10.9548
4827,10.9552
4828,10.9568
4829,10.9588
4830,10.9616
4831,10.9624
4832,10.9632
4833,10.9644
4834,10.9652
4835,10.9664
4836,10.968
4837,10.9692
4838,10.9704
4839,10.9716
4840,10.9732
4841,10.9748
4842,10.9764
4843,10.978
4844,10.9784
4845,10.9796
4846,10.9804
4847,10.9816
4848,10.982
4849,10.9836
4850,10.9844
4851,10.9864
4852,10.9872
4853,10.9888
4854,10.9896
4855,10.9908
4856,10.9932
4857,10.996
4858,10.9976
4859,10.9988
4860,11.0
4861,11.0012
4862,11.0064
4863,11.0088
4864,11.01
4865,11.0108
4866,11.0132
4867,11.014
4868,11.0152
4869,11.016
4870,11.0168
4871,11.018
4872,11.0184
4873,11.0204
4874,11.0212
4875,11.0228
4876,11.0236
4877,11.0248
4878,11.0248
4879,11.0268
4880,11.0292
4881,11.0304
4882,11.032
4883,11.0348
4884,11.0364
4885,11.0372
4886,11.0384
4887,11.0384
4888,11.0404
4889,11.0424
4890,11.0452
4891,11.046
4892,11.0476
4893,11.0492
4894,11.0496
4895,11.05
4896,11.052
4897,11.0524
4898,11.0528
4899,11.0544
4900,11.0552
4901,11.0568
4902,11.058
4903,11.0584
4904,11.0588
4905,11.0608
4906,11.062
4907,11.0624
4908,11.064
4909,11.066
4910,11.0668
4911,11.068
4912,11.0692
4913,11.0708
4914,11.0708
4915,11.0728
4916,11.074
4917,11.0748
4918,11.0756
4919,11.0768
4920,11.0796
4921,11.0796
4922,11.0804
4923,11.0816
4924,11.0828
4925,11.0836
4926,11.084
4927,11.0848
4928,11.0868
4929,11.0876
4930,11.0884
4931,11.09
4932,11.0912
4933,11.092
4934,11.0928
4935,11.0936
4936,11.0948
4937,11.0964
4938,11.0976
4939,11.0976
4940,11.0984
4941,11.1004
4942,11.1012
4943,11.1012
4944,11.102
4945,11.1028
4946,11.104
4947,11.1048
4948,11.1056
4949,11.1064
4950,11.1072
4951,11.1072
4952,11.1076
4953,11.11
4954,11.112
4955,11.1136
4956,11.1148
4957,11.1172
4958,11.1176
4959,11.12
4960,11.1224
4961,11.1232
4962,11.1248
4963,11.126
4964,11.1284
4965,11.1288
4966,11.1308
4967,11.1336
4968,11.1344
4969,11.1348
4970,11.1372
4971,11.1388
4972,11.1408
4973,11.1424
4974,11.1436
4975,11.1456
4976,11.1456
4977,11.1488
4978,11.15
4979,11.1512
4980,11.1532
4981,11.1544
4982,11.1576
4983,11.1576
4984,11.1604
4985,11.1616
4986,11.1616
4987,11.1636
4988,11.1648
4989,11.1656
4990,11.1672
4991,11.1688
4992,11.1692
4993,11.17
4994,11.1704
4995,11.1712
4996,11.1712
4997,11.1724
4998,11.174
4999,11.1756
5000,11.1768
5001,11.1784
5002,11.1792
5003,11.1796
5004,11.1812
5005,11.1828
5006,11.1844
5007,11.1844
5008,11.1852
5009,11.186
5010,11.1864
5011,11.1876
5012,11.1876
5013,11.19
5014,11.1892
5015,11.19
5016,11.19
5017,11.192
5018,11.1936
5019,11.1948
5020,11.196
5021,11.1976
5022,11.198
5023,11.1976
5024,11.1988
5025,11.1988
5026,11.2004
5027,11.2024
5028,11.2036
5029,11.2044
5030,11.2056
5031,11.206
5032,11.206
5033,11.2068
5034,11.208
5035,11.2088
5036,11.2084
5037,11.21
5038,11.212
5039,11.212
5040,11.2128
5041,11.2136
5042,11.214
5043,11.214
5044,11.214
5045,11.2148
5046,11.216
5047,11.2164
5048,11.2176
5049,11.2184
5050,11.22
5051,11.2212
5052,11.2236
5053,11.224
5054,11.2244
5055,11.226
5056,11.2268
5057,11.2272
5058,11.2276
5059,11.23
5060,11.23
5061,11.2324
5062,11.2332
5063,11.2332
5064,11.2332
5065,11.2352
5066,11.236
5067,11.2368
5068,11.2364
5069,11.2376
5070,11.2376
5071,11.238
5072,11.238
5073,11.2388
5074,11.24
5075,11.2412
5076,11.2416
5077,11.2436
5078,11.244
5079,11.2464
5080,11.246
5081,11.246
5082,11.2476
5083,11.248
5084,11.2484
5085,11.2504
5086,11.252
5087,11.2532
5088,11.2544
5089,11.2544
5090,11.2548
5091,11.2568
5092,11.2572
5093,11.2584
5094,11.2584
5095,11.26
5096,11.2604
5097,11.262
5098,11.2624
5099,11.2632
5100,11.264
5101,11.2636
5102,11.2636
5103,11.264
5104,11.2664
5105,11.2688
5106,11.2692
5107,11.2708
5108,11.2708
5109,11.2732
5110,11.2748
5111,11.2768
5112,11.2768
5113,11.2772
5114,11.278
5115,11.2796
5116,11.2816
5117,11.2824
5118,11.2848
5119,11.286
5120,11.2884
5121,11.2888
5122,11.29
5123,11.2904
5124,11.2912
5125,11.2916
5126,11.2944
5127,11.2948
5128,11.296
5129,11.2984
5130,11.2992
5131,11.3
5132,11.3004
5133,11.3008
5134,11.3008
5135,11.302
5136,11.3028
5137,11.3036
5138,11.3056
5139,11.3056
5140,11.3064
5141,11.3084
5142,11.3096
5143,11.31
5144,11.3112
5145,11.312
5146,11.312
5147,11.3136
5148,11.3152
5149,11.3164
5150,11.316
5151,11.3184
5152,11.3204
5153,11.3224
5154,11.3228
5155,11.3236
5156,11.3232
5157,11.324
5158,11.3248
5159,11.3292
5160,11.3296
5161,11.3288
5162,11.3304
5163,11.3312
5164,11.3336
5165,11.3364
5166,11.3368
5167,11.3364
5168,11.3376
5169,11.3376
5170,11.3392
5171,11.3396
5172,11.3408
5173,11.3408
5174,11.3416
5175,11.3416
5176,11.3424
5177,11.344
5178,11.3456
5179,11.3476
5180,11.3492
5181,11.3508
5182,11.3516
5183,11.352
5184,11.3532
5185,11.3548
5186,11.356
5187,11.356
5188,11.358
5189,11.3592
5190,11.36
5191,11.3608
5192,11.3628
5193,11.3632
5194,11.364
5195,11.364
5196,11.3644
5197,11.3668
5198,11.368
5199,11.3696
5200,11.3724
5201,11.3748
5202,11.376
5203,11.378
5204,11.3788
5205,11.3808
5206,11.38
5207,11.3824
5208,11.3824
5209,11.384
5210,11.3844
5211,11.386
5212,11.3856
5213,11.3872
5214,11.3876
5215,11.3876
5216,11.3912
5217,11.3936
5218,11.394
5219,11.3956
5220,11.3972
5221,11.3984
5222,11.3988
5223,11.3988
5224,11.4004
5225,11.4016
5226,11.404
5227,11.404
5228,11.4056
5229,11.4072
5230,11.4084
5231,11.4096
5232,11.4096
5233,11.4112
5234,11.4116
5235,11.4128
5236,11.4136
5237,11.4144
5238,11.4148
5239,11.4152
5240,11.4156
5241,11.4164
5242,11.4176
5243,11.4196
5244,11.4196
5245,11.4216
5246,11.422
5247,11.4236
5248,11.4256
5249,11.4268
5250,11.4272
5251,11.4276
5252,11.4284
5253,11.4312
5254,11.432
5255,11.4332
5256,11.4348
5257,11.436
5258,11.4372
5259,11.4388
5260,11.4416
5261,11.4432
5262,11.4456
5263,11.4472
5264,11.45
5265,11.45
5266,11.4508
5267,11.452
5268,11.4528
5269,11.4532
5270,11.4548
5271,11.456
5272,11.4584
5273,11.46
5274,11.4616
5275,11.4628
5276,11.4656
5277,11.4672
5278,11.468
5279,11.47
5280,11.4724
5281,11.4732
5282,11.4756
5283,11.4768
5284,11.478
5285,11.4796
5286,11.4808
5287,11.4836
5288,11.4848
5289,11.486
5290,11.4868
5291,11.488
5292,11.4908
5293,11.4928
5294,11.4944
5295,11.496
5296,11.4976
5297,11.4996
5298,11.5016
5299,11.5028
5300,11.506
5301,11.5068
5302,11.5072
5303,11.5104
5304,11.5116
5305,11.5128
5306,11.514
5307,11.516
5308,11.5172
5309,11.5196
5310,11.522
5311,11.5244
5312,11.5248
5313,11.5256
5314,11.5264
5315,11.5296
5316,11.5324
5317,11.5328
5318,11.5348
5319,11.5356
5320,11.538
5321,11.5384
5322,11.5404
5323,11.5428
5324,11.5436
5325,11.5444
5326,11.5456
5327,11.5464
5328,11.5488
5329,11.5492
5330,11.55
5331,11.5504
5332,11.5524
5333,11.5536
5334,11.5552
5335,11.5572
5336,11.5584
5337,11.5608
5338,11.562
5339,11.5648
5340,11.5656
5341,11.5668
5342,11.5684
5343,11.5704
5344,11.5712
5345,11.572
5346,11.5728
5347,11.5736
5348,11.5764
5349,11.578
5350,11.58
5351,11.5832
5352,11.5868
5353,11.5888
5354,11.5904
5355,11.592
5356,11.5932
5357,11.5956
5358,11.596
5359,11.5984
5360,11.5984
5361,11.5988
5362,11.6024
5363,11.6048
5364,11.6072
5365,11.6068
5366,11.6084
5367,11.6124
5368,11.6152
5369,11.6176
5370,11.6204
5371,11.622
5372,11.6232
5373,11.626
5374,11.6284
5375,11.6288
5376,11.6304
5377,11.6336
5378,11.634
5379,11.6376
5380,11.64
5381,11.6412
5382,11.6416
5383,11.6424
5384,11.6456
5385,11.6488
5386,11.65
5387,11.652
5388,11.6544
5389,11.6588
5390,11.6608
5391,11.6648
5392,11.668
5393,11.6684
5394,11.6688
5395,11.6708
5396,11.6728
5397,11.6756
5398,11.6768
5399,11.6772
5400,11.6788
5401,11.6808
5402,11.6816
5403,11.6828
5404,11.6848
5405,11.6856
5406,11.6868
5407,11.688
5408,11.6896
5409,11.6932
5410,11.6952
5411,11.6972
5412,11.698
5413,11.7004
5414,11.7044
5415,11.706
5416,11.7092
5417,11.7116
5418,11.7152
5419,11.716
5420,11.7192
5421,11.7212
5422,11.7224
5423,11.7248
5424,11.7252
5425,11.7268
5426,11.7292
5427,11.732
5428,11.7352
5429,11.7372
5430,11.7396
5431,11.7416
5432,11.7416
5433,11.7432
5434,11.7464
5435,11.7476
5436,11.7504
5437,11.7536
5438,11.7544
5439,11.7564
5440,11.7592
5441,11.7616
5442,11.7668
5443,11.7712
5444,11.7728
5445,11.7752
5446,11.7768
5447,11.7784
5448,11.7804
5449,11.7836
5450,11.7852
5451,11.7872
5452,11.7896
5453,11.7924
5454,11.7952
5455,11.7976
5456,11.8012
5457,11.804
5458,11.8056
5459,11.8088
5460,11.8104
5461,11.8116
5462,11.8124
5463,11.8128
5464,11.8164
5465,11.8196
5466,11.8204
5467,11.8224
5468,11.8236
5469,11.8272
5470,11.8304
5471,11.8328
5472,11.8352
5473,11.8376
5474,11.8404
5475,11.8436
5476,11.8452
5477,11.846
5478,11.848
5479,11.8508
5480,11.8512
5481,11.8532
5482,11.8552
5483,11.8572
5484,11.8596
5485,11.8616
5486,11.8636
5487,11.8632
5488,11.8648
5489,11.8668
5490,11.8684
5491,11.8708
5492,11.8736
5493,11.8748
5494,11.8772
5495,11.8788
5496,11.8792
5497,11.8832
5498,11.8844
5499,11.8864
5500,11.8872
5501,11.8884
5502,11.892
5503,11.8952
5504,11.8972
5505,11.8992
5506,11.9016
5507,11.9036
5508,11.9044
5509,11.9076
5510,11.9112
5511,11.9108
5512,11.9136
5513,11.9144
5514,11.916
5515,11.9192
5516,11.9212
5517,11.9236
5518,11.9236
5519,11.9272
5520,11.928
5521,11.9288
5522,11.9308
5523,11.9328
5524,11.9356
5525,11.9384
5526,11.94
5527,11.9412
5528,11.9428
5529,11.9464
5530,11.9476
5531,11.9508
5532,11.9536
5533,11.9576
5534,11.9584
5535,11.962
5536,11.9648
5537,11.9672
5538,11.9692
5539,11.9704
5540,11.9724
5541,11.9744
5542,11.9776
5543,11.9812
5544,11.984
5545,11.9852
5546,11.9864
5547,11.9896
5548,11.9912
5549,11.992
5550,11.9948
5551,11.9956
5552,11.9976
5553,12.0004
5554,12.0012
5555,12.0032
5556,12.0032
5557,12.0056
5558,12.0072
5559,12.0092
5560,12.0112
5561,12.0124
5562,12.0144
5563,12.0156
5564,12.016
5565,12.0164
5566,12.0172
5567,12.0196
5568,12.022
5569,12.0236
5570,12.0244
5571,12.0244
5572,12.0272
5573,12.0284
5574,12.0304
5575,12.0332
5576,12.0348
5577,12.036
5578,12.0384
5579,12.0404
5580,12.0428
5581,12.0456
5582,12.048
5583,12.0512
5584,12.0524
5585,12.0536
5586,12.056
5587,12.0576
5588,12.0592
5589,12.0604
5590,12.062
5591,12.0636
5592,12.0652
5593,12.0684
5594,12.0708
5595,12.0716
5596,12.0732
5597,12.0744
5598,12.0768
5599,12.0792
5600,12.0816
5601,12.084
5602,12.0844
5603,12.0856
5604,12.088
5605,12.09
5606,12.0924
5607,12.0924
5608,12.094
5609,12.0952
5610,12.0964
5611,12.1016
5612,12.1044
5613,12.1076
5614,12.1084
5615,12.1104
5616,12.112
5617,12.1124
5618,12.116
5619,12.1176
5620,12.118
5621,12.1196
5622,12.1216
5623,12.1228
5624,12.1248
5625,12.1256
5626,12.126
5627,12.1288
5628,12.1304
5629,12.1328
5630,12.1348
5631,12.1364
5632,12.138
5633,12.142
5634,12.1436
5635,12.1452
5636,12.1472
5637,12.1488
5638,12.1496
5639,12.1512
5640,12.1532
5641,12.156
5642,12.1588
5643,12.1592
5644,12.1604
5645,12.1644
5646,12.1632
5647,12.164
5648,12.1664
5649,12.1672
5650,12.1688
5651,12.1708
5652,12.1728
5653,12.1724
5654,12.1744
5655,12.1768
5656,12.1792
5657,12.18
5658,12.1832
5659,12.1832
5660,12.1864
5661,12.186
5662,12.1888
5663,12.1892
5664,12.1904
5665,12.192
5666,12.1948
5667,12.196
5668,12.1964
5669,12.198
5670,12.2
5671,12.2008
5672,12.2032
5673,12.204
5674,12.2076
5675,12.2096
5676,12.2116
5677,12.2132
5678,12.2156
5679,12.2168
5680,12.2192
5681,12.2208
5682,12.2236
5683,12.2256
5684,12.2272
5685,12.2296
5686,12.2308
5687,12.2328
5688,12.2328
5689,12.2352
5690,12.2364
5691,12.2392
5692,12.2424
5693,12.2444
5694,12.2452
5695,12.2464
5696,12.248
5697,12.25
5698,12.2524
5699,12.2544
5700,12.2548
5701,12.2552
5702,12.2564
5703,12.2584
5704,12.2608
5705,12.2628
5706,12.2648
5707,12.2668
5708,12.2692
5709,12.2704
5710,12.2728
5711,12.2756
5712,12.2792
5713,12.2816
5714,12.2832
5715,12.2848
5716,12.2868
5717,12.2904
5718,12.2932
5719,12.2928
5720,12.2944
5721,12.2968
5722,12.2968
5723,12.3008
5724,12.302
5725,12.302
5726,12.3044
5727,12.306
5728,12.3072
5729,12.3096
5730,12.31
5731,12.3104
5732,12.3128
5733,12.3152
5734,12.3156
5735,12.3164
5736,12.3192
5737,12.3216
5738,12.3236
5739,12.3256
5740,12.3272
5741,12.328
5742,12.3288
5743,12.3308
5744,12.3324
5745,12.3352
5746,12.3376
5747,12.34
5748,12.3404
5749,12.3416
5750,12.3436
5751,12.3452
5752,12.3476
5753,12.35
5754,12.352
5755,12.354
5756,12.3564
5757,12.3584
5758,12.36
5759,12.3628
5760,12.3644
5761,12.3672
5762,12.3668
5763,12.3692
5764,12.3704
5765,12.372
5766,12.374
5767,12.3748
5768,12.3776
5769,12.3792
5770,12.3812
5771,12.3828
5772,12.3852
5773,12.3872
5774,12.3888
5775,12.3908
5776,12.3904
5777,12.3916
5778,12.3932
5779,12.3952
5780,12.396
5781,12.3992
5782,12.4008
5783,12.402
5784,12.4036
5785,12.4044
5786,12.4056
5787,12.4076
5788,12.4076
5789,12.408
5790,12.41
5791,12.412
5792,12.414
5793,12.416
5794,12.4172
5795,12.4184
5796,12.4192
5797,12.4204
5798,12.4216
5799,12.422
5800,12.4244
5801,12.4252
5802,12.4264
5803,12.4284
5804,12.4308
5805,12.4324
5806,12.4344
5807,12.4368
5808,12.4388
5809,12.4412
5810,12.442
5811,12.444
5812,12.4464
5813,12.4476
5814,12.4492
5815,12.4512
5816,12.4532
5817,12.4552
5818,12.4556
5819,12.4576
5820,12.4588
5821,12.4592
5822,12.46
5823,12.4612
5824,12.4624
5825,12.4636
5826,12.464
5827,12.4644
5828,12.4656
5829,12.466
5830,12.4672
5831,12.4704
5832,12.4704
5833,12.4724
5834,12.4748
5835,12.4756
5836,12.4772
5837,12.4808
5838,12.4828
5839,12.4848
5840,12.4856
5841,12.4872
5842,12.4892
5843,12.4904
5844,12.4908
5845,12.4936
5846,12.4944
5847,12.496
5848,12.4988
5849,12.5012
5850,12.5044
5851,12.5052
5852,12.508
5853,12.5088
5854,12.51
5855,12.5112
5856,12.5112
5857,12.512
5858,12.512
5859,12.514
5860,12.5144
5861,12.518
5862,12.5212
5863,12.5236
5864,12.5252
5865,12.5272
5866,12.5284
5867,12.5296
5868,12.5308
5869,12.5312
5870,12.534
5871,12.5372
5872,12.5368
5873,12.5396
5874,12.5412
5875,12.542
5876,12.5432
5877,12.5452
5878,12.546
5879,12.5468
5880,12.5488
5881,12.5496
5882,12.5524
5883,12.5532
5884,12.5544
5885,12.5552
5886,12.5564
5887,12.5572
5888,12.558
5889,12.5596
5890,12.5608
5891,12.5644
5892,12.5688
5893,12.5708
5894,12.5736
5895,12.574
5896,12.5748
5897,12.5752
5898,12.5768
5899,12.5776
5900,12.5796
5901,12.5816
5902,12.5832
5903,12.5852
5904,12.586
5905,12.5884
5906,12.5908
5907,12.5924
5908,12.5924
5909,12.594
5910,12.5964
5911,12.5984
5912,12.6
5913,12.6016
5914,12.602
5915,12.604
5916,12.6056
5917,12.606
5918,12.6068
5919,12.6076
5920,12.6088
5921,12.6112
5922,12.6124
5923,12.6132
5924,12.6144
5925,12.6156
5926,12.6172
5927,12.6196
5928,12.6208
5929,12.6212
5930,12.6244
5931,12.6268
5932,12.6288
5933,12.6308
5934,12.6316
5935,12.6324
5936,12.6336
5937,12.6352
5938,12.6372
5939,12.6384
5940,12.64
5941,12.6408
5942,12.6424
5943,12.6436
5944,12.6444
5945,12.6456
5946,12.648
5947,12.6496
5948,12.6524
5949,12.6548
5950,12.6568
5951,12.658
5952,12.6612
5953,12.6628
5954,12.664
5955,12.6648
5956,12.6672
5957,12.6688
5958,12.6696
5959,12.6716
5960,12.6724
5961,12.6744
5962,12.6768
5963,12.6772
5964,12.68
5965,12.6824
5966,12.684
5967,12.6852
5968,12.686
5969,12.6888
5970,12.6916
5971,12.694
5972,12.6952
5973,12.6968
5974,12.6972
5975,12.6992
5976,12.7
5977,12.7004
5978,12.7012
5979,12.7016
5980,12.7044
5981,12.7064
5982,12.708
5983,12.7092
5984,12.7096
5985,12.7124
5986,12.714
5987,12.7144
5988,12.716
5989,12.7176
5990,12.7184
5991,12.7216
5992,12.722
5993,12.724
5994,12.7248
5995,12.7248
5996,12.7268
5997,12.7276
5998,12.7272
5999,12.7284
6000,12.7296
6001,12.7308
6002,12.732
6003,12.7332
6004,12.7352
6005,12.7368
6006,12.738
6007,12.7392
6008,12.7396
6009,12.742
6010,12.7428
6011,12.7432
6012,12.7432
6013,12.7448
6014,12.7476
6015,12.748
6016,12.7508
6017,12.7528
6018,12.754
6019,12.7552
6020,12.7572
6021,12.7596
6022,12.7604
6023,12.7628
6024,12.7636
6025,12.7644
6026,12.766
6027,12.7688
6028,12.77
6029,12.7712
6030,12.772
6031,12.7728
6032,12.7732
6033,12.7752
6034,12.7756
6035,12.7752
6036,12.776
6037,12.7776
6038,12.7788
6039,12.78
6040,12.7808
6041,12.7836
6042,12.7848
6043,12.7872
6044,12.79
6045,12.7896
6046,12.7904
6047,12.7928
6048,12.7944
6049,12.7956
6050,12.796
6051,12.7968
6052,12.7968
6053,12.7988
6054,12.8
6055,12.8
6056,12.802
6057,12.8032
6058,12.806
6059,12.808
6060,12.8112
6061,12.814
6062,12.8152
6063,12.8164
6064,12.8176
6065,12.8192
6066,12.8212
6067,12.8212
6068,12.8228
6069,12.824
6070,12.824
6071,12.8248
6072,12.8264
6073,12.8272
6074,12.8288
6075,12.83
6076,12.8316
6077,12.8328
6078,12.8352
6079,12.8368
6080,12.8368
6081,12.8376
6082,12.8392
6083,12.8416
6084,12.8424
6085,12.8436
6086,12.8456
6087,12.8452
6088,12.8452
6089,12.846
6090,12.846
6091,12.8468
6092,12.8472
6093,12.848
6094,12.85
6095,12.8512
6096,12.8524
6097,12.8532
6098,12.8556
6099,12.858
6100,12.8588
6101,12.86
6102,12.8616
6103,12.8624
6104,12.8636
6105,12.8656
6106,12.8664
6107,12.8684
6108,12.87
6109,12.87
6110,12.8712
6111,12.8716
6112,12.8724
6113,12.872
6114,12.8732
6115,12.874
6116,12.8744
6117,12.8752
6118,12.8772
6119,12.8788
6120,12.8804
6121,12.882
6122,12.8816
6123,12.8828
6124,12.8856
6125,12.8872
6126,12.888
6127,12.8884
6128,12.89
6129,12.89
6130,12.8912
6131,12.8912
6132,12.8912
6133,12.8928
6134,12.8936
6135,12.896
6136,12.8976
6137,12.8972
6138,12.8984
6139,12.8996
6140,12.9016
6141,12.9024
6142,12.904
6143,12.9048
6144,12.9064
6145,12.9084
6146,12.9088
6147,12.9096
6148,12.912
6149,12.9124
6150,12.9124
6151,12.9136
6152,12.914
6153,12.9152
6154,12.916
6155,12.9172
6156,12.918
6157,12.9192
6158,12.9212
6159,12.9228
6160,12.9236
6161,12.9256
6162,12.9256
6163,12.9256
6164,12.9256
6165,12.928
6166,12.9288
6167,12.932
6168,12.9324
6169,12.9328
6170,12.934
6171,12.9352
6172,12.9352
6173,12.9364
6174,12.94
6175,12.9392
6176,12.9396
6177,12.9416
6178,12.942
6179,12.9432
6180,12.9444
6181,12.946
6182,12.9464
6183,12.9484
6184,12.948
6185,12.9488
6186,12.9492
6187,12.9508
6188,12.9528
6189,12.954
6190,12.9544
6191,12.9552
6192,12.9556
6193,12.9564
6194,12.9572
6195,12.958
6196,12.9588
6197,12.96
6198,12.9596
6199,12.9612
6200,12.9632
6201,12.9648
6202,12.9656
6203,12.966
6204,12.9672
6205,12.9696
6206,12.9696
6207,12.9704
6208,12.9724
6209,12.9728
6210,12.9752
6211,12.976
6212,12.9768
6213,12.976
6214,12.9788
6215,12.9792
6216,12.9792
6217,12.9812
6218,12.9816
6219,12.9816
6220,12.9832
6221,12.9844
6222,12.9856
6223,12.9864
6224,12.988
6225,12.9884
6226,12.9892
6227,12.9904
6228,12.9908
6229,12.9912
6230,12.9924
6231,12.9956
6232,12.9972
6233,12.998
6234,13.0
6235,13.0
6236,13.002
6237,13.002
6238,13.0032
6239,13.0044
6240,13.0052
6241,13.006
6242,13.0072
6243,13.008
6244,13.008
6245,13.0096
6246,13.012
6247,13.0124
6248,13.0132
6249,13.0128
6250,13.0132
6251,13.0128
6252,13.014
6253,13.0156
6254,13.0164
6255,13.0172
6256,13.0176
6257,13.0176
6258,13.0196
6259,13.0208
6260,13.0212
6261,13.0228
6262,13.024
6263,13.0264
6264,13.0272
6265,13.0284
6266,13.0284
6267,13.0312
6268,13.032
6269,13.0328
6270,13.0336
6271,13.034
6272,13.0344
6273,13.0344
6274,13.0352
6275,13.0364
6276,13.0364
6277,13.0368
6278,13.0372
6279,13.0384
6280,13.0384
6281,13.04
6282,13.0404
6283,13.0412
6284,13.042
6285,13.0428
6286,13.0448
6287,13.0448
6288,13.0456
6289,13.0492
6290,13.0508
6291,13.0512
6292,13.0532
6293,13.0528
6294,13.0532
6295,13.0532
6296,13.0564
6297,13.0596
6298,13.0616
6299,13.0628
6300,13.0648
6301,13.0652
6302,13.0652
6303,13.0672
6304,13.068
6305,13.068
6306,13.0688
6307,13.0708
6308,13.0704
6309,13.0708
6310,13.0732
6311,13.0748
6312,13.0764
6313,13.0772
6314,13.078
6315,13.0792
6316,13.0808
6317,13.0816
6318,13.0816
6319,13.084
6320,13.0844
6321,13.0852
6322,13.0864
6323,13.0872
6324,13.0872
6325,13.0896
6326,13.09
6327,13.0904
6328,13.092
6329,13.0924
6330,13.0932
6331,13.0944
6332,13.0952
6333,13.0944
6334,13.0956
6335,13.0964
6336,13.0972
6337,13.0988
6338,13.1012
6339,13.1028
6340,13.1032
6341,13.1072
6342,13.1088
6343,13.11
6344,13.1112
6345,13.1128
6346,13.1124
6347,13.1136
6348,13.116
6349,13.1164
6350,13.1156
6351,13.118
6352,13.1188
6353,13.12
6354,13.1216
6355,13.1228
6356,13.1232
6357,13.1248
6358,13.1252
6359,13.1268
6360,13.128
6361,13.1296
6362,13.1308
6363,13.132
6364,13.1328
6365,13.1352
6366,13.1364
6367,13.1384
6368,13.1404
6369,13.1404
6370,13.1404
6371,13.1432
6372,13.1424
6373,13.146
6374,13.1472
6375,13.1476
6376,13.1492
6377,13.1508
6378,13.1512
6379,13.152
6380,13.1532
6381,13.1544
6382,13.156
6383,13.1568
6384,13.1572
6385,13.1576
6386,13.1592
6387,13.1596
6388,13.1604
6389,13.1624
6390,13.1644
6391,13.166
6392,13.1676
6393,13.17
6394,13.1708
6395,13.174
6396,13.1752
6397,13.1772
6398,13.1788
6399,13.1816
6400,13.182
6401,13.1844
6402,13.1868
6403,13.1888
6404,13.1904
6405,13.192
6406,13.1936
6407,13.1948
6408,13.196
6409,13.1972
6410,13.1984
6411,13.1996
6412,13.2016
6413,13.2028
6414,13.2048
6415,13.2056
6416,13.2084
6417,13.2092
6418,13.2108
6419,13.2124
6420,13.2128
6421,13.214
6422,13.2164
6423,13.2184
6424,13.2216
6425,13.2224
6426,13.2232
6427,13.2248
6428,13.2264
6429,13.2284
6430,13.2296
6431,13.2316
6432,13.232
6433,13.2344
6434,13.2384
6435,13.2396
6436,13.2412
6437,13.2432
6438,13.2436
6439,13.2444
6440,13.2452
6441,13.2452
6442,13.2468
6443,13.248
6444,13.25
6445,13.2504
6446,13.252
6447,13.2536
6448,13.2548
6449,13.258
6450,13.2596
6451,13.2632
6452,13.2656
6453,13.266
6454,13.2684
6455,13.2704
6456,13.2708
6457,13.272
6458,13.2744
6459,13.276
6460,13.2768
6461,13.278
6462,13.2804
6463,13.2844
6464,13.2848
6465,13.2856
6466,13.2884
6467,13.29
6468,13.292
6469,13.2924
6470,13.2948
6471,13.296
6472,13.2984
6473,13.3004
6474,13.3008
6475,13.304
6476,13.3048
6477,13.306
6478,13.3076
6479,13.31
6480,13.3112
6481,13.3148
6482,13.3176
6483,13.3188
6484,13.3192
6485,13.3208
6486,13.3228
6487,13.3248
6488,13.3272
6489,13.3292
6490,13.3316
6491,13.3336
6492,13.336
6493,13.3376
6494,13.3404
6495,13.3412
6496,13.3432
6497,13.344
6498,13.3452
6499,13.348
6500,13.35
6501,13.3512
6502,13.3536
6503,13.3544
6504,13.356
6505,13.3572
6506,13.358
6507,13.36
6508,13.3628
6509,13.3664
6510,13.3692
6511,13.37
6512,13.3716
6513,13.3728
6514,13.3748
6515,13.378
6516,13.3796
6517,13.3812
6518,13.384
6519,13.3856
6520,13.388
6521,13.3892
6522,13.3916
6523,13.394
6524,13.396
6525,13.3972
6526,13.3992
6527,13.4
6528,13.402
6529,13.4036
6530,13.4052
6531,13.4068
6532,13.4124
6533,13.4136
6534,13.4168
6535,13.4192
6536,13.4216
6537,13.4248
6538,13.428
6539,13.4308
6540,13.432
6541,13.4344
6542,13.436
6543,13.4396
6544,13.442
6545,13.4444
6546,13.4456
6547,13.4464
6548,13.4484
6549,13.45
6550,13.4504
6551,13.4532
6552,13.4564
6553,13.4584
6554,13.46
6555,13.4612
6556,13.4648
6557,13.4664
6558,13.4696
6559,13.4704
6560,13.4744
6561,13.4784
6562,13.48
6563,13.4832
6564,13.4856
6565,13.4884
6566,13.4908
6567,13.4944
6568,13.4972
6569,13.5016
6570,13.502
6571,13.504
6572,13.5072
6573,13.5096
6574,13.5104
6575,13.5136
6576,13.516
6577,13.5164
6578,13.5204
6579,13.5208
6580,13.522
6581,13.5244
6582,13.526
6583,13.5284
6584,13.5316
6585,13.534
6586,13.5348
6587,13.536
6588,13.5396
6589,13.5396
6590,13.5416
6591,13.5424
6592,13.5452
6593,13.5476
6594,13.5508
6595,13.5528
6596,13.5544
6597,13.5552
6598,13.5572
6599,13.56
6600,13.5604
6601,13.5628
6602,13.5628
6603,13.5648
6604,13.5672
6605,13.5692
6606,13.5712
6607,13.5736
6608,13.576
6609,13.5788
6610,13.5796
6611,13.5812
6612,13.584
6613,13.5868
6614,13.5884
6615,13.5896
6616,13.5908
6617,13.5956
6618,13.5976
6619,13.5988
6620,13.6004
6621,13.604
6622,13.6068
6623,13.6084
6624,13.6108
6625,13.612
6626,13.6156
6627,13.6184
6628,13.6204
6629,13.6224
6630,13.6264
6631,13.6288
6632,13.63
6633,13.6324
6634,13.6324
6635,13.6356
6636,13.6384
6637,13.6404
6638,13.6416
6639,13.6436
6640,13.6444
6641,13.6468
6642,13.6476
6643,13.6484
6644,13.6488
6645,13.6544
6646,13.6556
6647,13.6572
6648,13.6604
6649,13.6608
6650,13.6636
6651,13.6648
6652,13.6676
6653,13.6708
6654,13.6716
6655,13.672
6656,13.6768
6657,13.678
6658,13.6812
6659,13.6856
6660,13.6856
6661,13.688
6662,13.6892
6663,13.6904
6664,13.6928
6665,13.6956
6666,13.6968
6667,13.7
6668,13.702
6669,13.7028
6670,13.7052
6671,13.7068
6672,13.7076
6673,13.7092
6674,13.7136
6675,13.7152
6676,13.7188
6677,13.7204
6678,13.7224
6679,13.7252
6680,13.7272
6681,13.7292
6682,13.7312
6683,13.7332
6684,13.7348
6685,13.7376
6686,13.7396
6687,13.7408
6688,13.744
6689,13.746
6690,13.7488
6691,13.7496
6692,13.7516
6693,13.7524
6694,13.756
6695,13.7572
6696,13.7592
6697,13.7604
6698,13.7652
6699,13.768
6700,13.7688
6701,13.772
6702,13.7736
6703,13.7748
6704,13.7756
6705,13.778
6706,13.7796
6707,13.7808
6708,13.7844
6709,13.7864
6710,13.7888
6711,13.7912
6712,13.794
6713,13.7956
6714,13.7984
6715,13.8
6716,13.8008
6717,13.8044
6718,13.8048
6719,13.8056
6720,13.8068
6721,13.808
6722,13.81
6723,13.8116
6724,13.8144
6725,13.8164
6726,13.8188
6727,13.8208
6728,13.8212
6729,13.8228
6730,13.8248
6731,13.8264
6732,13.8288
6733,13.8304
6734,13.8336
6735,13.8348
6736,13.838
6737,13.8404
6738,13.8436
6739,13.8448
6740,13.846
6741,13.8464
6742,13.848
6743,13.8488
6744,13.8496
6745,13.852
6746,13.8532
6747,13.8564
6748,13.8584
6749,13.8596
6750,13.8616
6751,13.8648
6752,13.8664
6753,13.8672
6754,13.8692
6755,13.8696
6756,13.872
6757,13.874
6758,13.876
6759,13.8764
6760,13.8792
6761,13.8812
6762,13.8812
6763,13.8832
6764,13.884
6765,13.8856
6766,13.8884
6767,13.8904
6768,13.8912
6769,13.8924
6770,13.894
6771,13.8956
6772,13.8952
6773,13.8976
6774,13.9
6775,13.902
6776,13.9032
6777,13.9044
6778,13.906
6779,13.908
6780,13.9108
6781,13.9116
6782,13.9132
6783,13.9168
6784,13.918
6785,13.9196
6786,13.9228
6787,13.924
6788,13.926
6789,13.9284
6790,13.93
6791,13.9316
6792,13.9348
6793,13.9348
6794,13.9364
6795,13.9376
6796,13.9388
6797,13.942
6798,13.9436
6799,13.9468
6800,13.9484
6801,13.9508
6802,13.9512
6803,13.9536
6804,13.9544
6805,13.9548
6806,13.9568
6807,13.9588
6808,13.9604
6809,13.9624
6810,13.9648
6811,13.9672
6812,13.9688
6813,13.9704
6814,13.9716
6815,13.9728
6816,13.9748
6817,13.9768
6818,13.9796
6819,13.9816
6820,13.9824
6821,13.986
6822,13.9864
6823,13.9876
6824,13.9892
6825,13.9908
6826,13.9948
6827,13.996
6828,13.9972
6829,13.9988
6830,13.9992
6831,14.0016
6832,14.0036
6833,14.0056
6834,14.0076
6835,14.0088
6836,14.0116
6837,14.0148
6838,14.0156
6839,14.018
6840,14.0196
6841,14.02
6842,14.0212
6843,14.0248
6844,14.0256
6845,14.028
6846,14.0296
6847,14.0324
6848,14.0336
6849,14.0356
6850,14.036
6851,14.0376
6852,14.0384
6853,14.0404
6854,14.0424
6855,14.0452
6856,14.0456
6857,14.048
6858,14.0492
6859,14.052
6860,14.0516
6861,14.0548
6862,14.0564
6863,14.0588
6864,14.06
6865,14.062
6866,14.0636
6867,14.0656
6868,14.0672
6869,14.0684
6870,14.068
6871,14.0712
6872,14.0716
6873,14.074
6874,14.0768
6875,14.0772
6876,14.0792
6877,14.0796
6878,14.0816
6879,14.084
6880,14.0872
6881,14.0892
6882,14.09
6883,14.092
6884,14.0924
6885,14.0956
6886,14.0964
6887,14.1
6888,14.1028
6889,14.104
6890,14.106
6891,14.1084
6892,14.11
6893,14.1128
6894,14.1148
6895,14.116
6896,14.1176
6897,14.118
6898,14.1196
6899,14.1216
6900,14.1236
6901,14.1244
6902,14.1264
6903,14.1284
6904,14.1288
6905,14.1304
6906,14.1316
6907,14.1336
6908,14.1344
6909,14.1352
6910,14.1364
6911,14.1376
6912,14.1408
6913,14.1424
6914,14.1448
6915,14.1476
6916,14.1492
6917,14.1512
6918,14.152
6919,14.1544
6920,14.156
6921,14.1564
6922,14.1588
6923,14.1604
6924,14.1612
6925,14.1624
6926,14.1628
6927,14.1656
6928,14.1664
6929,14.1676
6930,14.1704
6931,14.1704
6932,14.1716
6933,14.1732
6934,14.1744
6935,14.1748
6936,14.1768
6937,14.178
6938,14.1796
6939,14.18
6940,14.1812
6941,14.1832
6942,14.1832
6943,14.1832
6944,14.1856
6945,14.1876
6946,14.1876
6947,14.1896
6948,14.1924
6949,14.1924
6950,14.1948
6951,14.1968
6952,14.1968
6953,14.1992
6954,14.2016
6955,14.204
6956,14.2048
6957,14.2056
6958,14.2084
6959,14.2088
6960,14.2132
6961,14.214
6962,14.2156
6963,14.2168
6964,14.22
6965,14.2216
6966,14.224
6967,14.2264
6968,14.2284
6969,14.2316
6970,14.2332
6971,14.2348
6972,14.236
6973,14.2372
6974,14.2408
6975,14.2416
6976,14.2436
6977,14.2448
6978,14.2452
6979,14.2464
6980,14.2484
6981,14.2488
6982,14.2508
6983,14.252
6984,14.254
6985,14.2556
6986,14.2564
6987,14.258
6988,14.2604
6989,14.2628
6990,14.264
6991,14.2668
6992,14.2696
6993,14.2716
6994,14.2736
6995,14.2744
6996,14.2752
6997,14.2792
6998,14.2808
6999,14.2816
7000,14.2816
7001,14.2828
7002,14.2852
7003,14.2868
7004,14.2884
7005,14.2912
7006,14.2932
7007,14.2952
7008,14.298
7009,14.2992
7010,14.3008
7011,14.3064
7012,14.3084
7013,14.3108
7014,14.312
7015,14.3132
7016,14.3144
7017,14.3168
7018,14.3184
7019,14.3196
7020,14.32
7021,14.3216
7022,14.3232
7023,14.3248
7024,14.3268
7025,14.3284
7026,14.3284
7027,14.3296
7028,14.3316
7029,14.3328
7030,14.3352
7031,14.3388
7032,14.3412
7033,14.342
7034,14.3432
7035,14.3452
7036,14.3468
7037,14.3484
7038,14.3488
7039,14.3504
7040,14.3512
7041,14.3536
7042,14.3572
7043,14.3584
7044,14.3596
7045,14.362
7046,14.362
7047,14.3632
7048,14.3636
7049,14.3636
7050,14.3652
7051,14.3676
7052,14.368
7053,14.3696
7054,14.3708
7055,14.3724
7056,14.3748
7057,14.3772
7058,14.3784
7059,14.3796
7060,14.382
7061,14.384
7062,14.3852
7063,14.3872
7064,14.3888
7065,14.3896
7066,14.3912
7067,14.3932
7068,14.3932
7069,14.3932
7070,14.394
7071,14.3952
7072,14.3956
7073,14.398
7074,14.4008
7075,14.4032
7076,14.404
7077,14.4072
7078,14.4084
7079,14.41
7080,14.4112
7081,14.4116
7082,14.414
7083,14.4144
7084,14.4164
7085,14.418
7086,14.4208
7087,14.4232
7088,14.424
7089,14.4248
7090,14.4272
7091,14.4284
7092,14.4292
7093,14.4332
7094,14.4344
7095,14.4364
7096,14.4388
7097,14.4408
7098,14.4416
7099,14.444
7100,14.4456
7101,14.446
7102,14.4488
7103,14.45
7104,14.4524
7105,14.4536
7106,14.4544
7107,14.4552
7108,14.4572
7109,14.4592
7110,14.4596
7111,14.4596
7112,14.4616
7113,14.4612
7114,14.4608
7115,14.4616
7116,14.4644
7117,14.4664
7118,14.4672
7119,14.4692
7120,14.472
7121,14.4732
7122,14.474
7123,14.4764
7124,14.478
7125,14.4788
7126,14.4792
7127,14.482
7128,14.4824
7129,14.4836
7130,14.484
7131,14.4852
7132,14.4864
7133,14.488
7134,14.4896
7135,14.4904
7136,14.4912
7137,14.4908
7138,14.4924
7139,14.494
7140,14.4952
7141,14.4984
7142,14.5008
7143,14.5012
7144,14.5032
7145,14.5044
7146,14.5044
7147,14.5044
7148,14.5068
7149,14.5092
7150,14.5108
7151,14.5128
7152,14.512
7153,14.5128
7154,14.5136
7155,14.5144
7156,14.514
7157,14.5172
7158,14.518
7159,14.52
7160,14.5232
7161,14.5244
7162,14.5252
7163,14.5268
7164,14.5272
7165,14.528
7166,14.528
7167,14.5304
7168,14.53
7169,14.5308
7170,14.532
7171,14.5328
7172,14.5336
7173,14.5348
7174,14.5364
7175,14.5376
7176,14.5396
7177,14.54
7178,14.5408
7179,14.5428
7180,14.5436
7181,14.5452
7182,14.5464
7183,14.5468
7184,14.5484
7185,14.5488
7186,14.5508
7187,14.5516
7188,14.5524
7189,14.554
7190,14.5556
7191,14.5572
7192,14.5588
7193,14.5604
7194,14.5616
7195,14.562
7196,14.5628
7197,14.566
7198,14.5688
7199,14.5692
7200,14.5704
7201,14.5716
7202,14.5724
7203,14.5756
7204,14.5776
7205,14.578
7206,14.5796
7207,14.5804
7208,14.582
7209,14.5836
7210,14.5856
7211,14.5864
7212,14.5872
7213,14.588
7214,14.59
7215,14.592
7216,14.5936
7217,14.5928
7218,14.5944
7219,14.5956
7220,14.5952
7221,14.5964
7222,14.5984
7223,14.5996
7224,14.6032
7225,14.6048
7226,14.6052
7227,14.6084
7228,14.61
7229,14.6124
7230,14.6132
7231,14.614
7232,14.6132
7233,14.6152
7234,14.6156
7235,14.616
7236,14.6168
7237,14.6188
7238,14.6208
7239,14.6216
7240,14.6236
7241,14.6264
7242,14.6288
7243,14.6324
7244,14.632
7245,14.6332
7246,14.634
7247,14.6352
7248,14.636
7249,14.6368
7250,14.638
7251,14.638
7252,14.6388
7253,14.6396
7254,14.6396
7255,14.6412
7256,14.6412
7257,14.644
7258,14.6444
7259,14.6464
7260,14.6472
7261,14.6484
7262,14.6492
7263,14.6512
7264,14.652
7265,14.6528
7266,14.6536
7267,14.6564
7268,14.6572
7269,14.658
7270,14.6572
7271,14.6576
7272,14.6588
7273,14.6596
7274,14.6604
7275,14.6616
7276,14.6624
7277,14.6636
7278,14.6644
7279,14.6668
7280,14.6676
7281,14.6692
7282,14.6704
7283,14.6724
7284,14.6736
7285,14.674
7286,14.6752
7287,14.6768
7288,14.6772
7289,14.6784
7290,14.6792
7291,14.6804
7292,14.6824
7293,14.6828
7294,14.6832
7295,14.6832
7296,14.6836
7297,14.686
7298,14.6872
7299,14.688
7300,14.6896
7301,14.6892
7302,14.6908
7303,14.6916
7304,14.6932
7305,14.6944
7306,14.6952
7307,14.6956
7308,14.6964
7309,14.6992
7310,14.7004
7311,14.7012
7312,14.702
7313,14.7028
7314,14.7056
7315,14.7068
7316,14.7084
7317,14.7108
7318,14.7108
7319,14.7124
7320,14.7128
7321,14.7148
7322,14.7152
7323,14.7148
7324,14.7164
7325,14.7188
7326,14.72
7327,14.7224
7328,14.7244
7329,14.7248
7330,14.726
7331,14.7296
7332,14.7304
7333,14.7304
7334,14.732
7335,14.7332
7336,14.7348
7337,14.7344
7338,14.736
7339,14.736
7340,14.7368
7341,14.7384
7342,14.7388
7343,14.74
7344,14.74
7345,14.7396
7346,14.7404
7347,14.7412
7348,14.7416
7349,14.7436
7350,14.7448
7351,14.7464
7352,14.7484
7353,14.7496
7354,14.7512
7355,14.7528
7356,14.7532
7357,14.7536
7358,14.7556
7359,14.7572
7360,14.758
7361,14.7584
7362,14.7584
7363,14.7604
7364,14.7608
7365,14.7612
7366,14.762
7367,14.7636
7368,14.7648
7369,14.7656
7370,14.7672
7371,14.7692
7372,14.7684
7373,14.7696
7374,14.7704
7375,14.77
7376,14.7708
7377,14.7712
7378,14.7712
7379,14.7716
7380,14.7728
7381,14.7736
7382,14.7752
7383,14.776
7384,14.7776
7385,14.7776
7386,14.7788
7387,14.7792
7388,14.7788
7389,14.7792
7390,14.7808
7391,14.782
7392,14.7836
7393,14.784
7394,14.7848
7395,14.7864
7396,14.788
7397,14.7876
7398,14.7892
7399,14.7912
7400,14.7916
7401,14.792
7402,14.7932
7403,14.7936
7404,14.796
7405,14.7972
7406,14.7996
7407,14.8008
7408,14.8012
7409,14.8024
7410,14.8028
7411,14.8044
7412,14.8048
7413,14.8056
7414,14.8068
7415,14.8076
7416,14.8092
7417,14.8096
7418,14.8096
7419,14.8108
7420,14.8116
7421,14.8132
7422,14.8144
7423,14.8172
7424,14.818
7425,14.8184
7426,14.8212
7427,14.822
7428,14.822
7429,14.8228
7430,14.8232
7431,14.8244
7432,14.8252
7433,14.8284
7434,14.8288
7435,14.8292
7436,14.8312
7437,14.8328
7438,14.834
7439,14.8348
7440,14.8344
7441,14.8352
7442,14.8364
7443,14.8364
7444,14.8368
7445,14.8392
7446,14.8404
7447,14.8412
7448,14.8436
7449,14.844
7450,14.844
7451,14.8456
7452,14.848
7453,14.8488
7454,14.8488
7455,14.8492
7456,14.8512
7457,14.8528
7458,14.8528
7459,14.854
7460,14.8544
7461,14.8548
7462,14.8572
7463,14.858
7464,14.86
7465,14.8596
7466,14.8608
7467,14.8612
7468,14.8624
7469,14.8636
7470,14.8644
7471,14.866
7472,14.8672
7473,14.8708
7474,14.874
7475,14.8748
7476,14.8764
7477,14.8772
7478,14.8784
7479,14.8788
7480,14.8812
7481,14.882
7482,14.8836
7483,14.8844
7484,14.8844
7485,14.8856
7486,14.8876
7487,14.8872
7488,14.89
7489,14.8916
7490,14.8924
7491,14.8936
7492,14.896
7493,14.8968
7494,14.8972
7495,14.8992
7496,14.9016
7497,14.902
7498,14.904
7499,14.906
7500,14.9068
